date,gross_return,transaction_cost,net_return,turnover,strategy_nav,benchmark_return,benchmark_nav
2018-07-31,0.0,0.0,0.0,0.0,1.0,0.0,1.0
2018-08-01,0.0,0.001,-0.001,1.0,0.999,-0.01997608066960488,0.9800239193303951
2018-08-02,-0.020606280725876447,0.0,-0.020606280725876447,0.0,0.9784143255548494,-0.02217040843676421,0.9582963887610418
2018-08-03,-0.018861152462637976,0.0,-0.018861152462637976,0.0,0.9599603037889303,-0.016515779787229623,0.942469376633367
2018-08-06,-0.027544434890247493,0.0,-0.027544434890247493,0.0,0.9335187397039939,-0.012671915890162033,0.9305264839636156
2018-08-07,0.026821978961629522,0.0,0.026821978961629522,0.0,0.9585575597006213,0.029205324456591297,0.957702811843224
2018-08-08,-0.021416197063620634,0.0,-0.021416197063620634,0.0,0.9380289021052495,-0.016136568048039868,0.9422487752501167
2018-08-09,0.03443188325112567,0.0,0.03443188325112567,0.0,0.970327003748719,0.025048061431742097,0.9658502804565654
2018-08-10,0.009415694114473405,0.0,0.009415694114473405,0.0,0.9794633060070305,0.0022042483804409763,0.9679792543730102
2018-08-13,0.01298730507962187,0.0,0.01298730507962187,0.0,0.9921838947764388,-0.004309814423942959,0.9638074434204359
2018-08-14,-0.008390690506353882,0.0,-0.008390690506353882,0.0,0.9838587867899808,-0.005141071230529981,0.9588524407012965
2018-08-15,-0.026332062554206725,0.0,-0.026332062554206725,0.0,0.9579517556717211,-0.0239964612201794,0.9358433752921335
2018-08-16,-0.009897829295248073,0.0,-0.009897829295248073,0.0,0.9484701127209992,-0.004631868519090032,0.9315086718233189
2018-08-17,-0.02019712105976479,0.0,-0.02019712105976479,0.0,0.9293137470328044,-0.014376536593821654,0.9181168033153887
2018-08-20,0.0009649265916757965,0.0,0.0009649265916757965,0.0,0.9302104665793263,0.011651525566475307,0.9288142647222285
2018-08-21,0.014823534328441301,0.0,0.014823534328441301,0.0,0.9439994733633403,0.018180120896778673,0.9457002203455313
2018-08-22,-0.011956303896025533,0.0,-0.011956303896025533,0.0,0.9327127287821202,-0.0056194687206254645,0.940385887538211
2018-08-23,0.011079835948961891,0.0,0.011079835948961891,0.0,0.9430470328045347,0.003649082287999761,0.9438174330243115
2018-08-24,-0.003717617701659015,0.0,-0.003717617701659015,0.0,0.9395411444618835,0.0015990838625963288,0.9453266762506978
2018-08-27,0.02988915868038644,0.0,0.02988915868038644,0.0,0.9676232388154566,0.024430320554169827,0.9684213099799103
2018-08-28,-0.00021895860075404894,0.0,-0.00021895860075404894,0.0,0.9674113693850285,-0.0018796010302433164,0.9666010642879624
2018-08-29,-0.007979339711982947,0.0,-0.007979339711982947,0.0,0.9596920654274708,-0.003998916525080554,0.9627357073188209
2018-08-30,-0.01571437058801295,0.0,-0.01571437058801295,0.0,0.9446111086609679,-0.010476664617398046,0.9526494481980481
2018-08-31,-0.015581144592692553,0.0,-0.015581144592692553,0.0,0.9298929863930577,-0.004950622095351576,0.9479332407906743
2018-09-03,0.005914158305462713,0.001,0.004914158305462713,1.0,0.9344626277353328,-0.0038023646095491914,0.9443288529836766
2018-09-04,0.014014469479455505,0.0,0.014014469479455505,0.0,0.9475586257114215,0.01266562808094962,0.9562893710216777
2018-09-05,-0.023679051430189446,0.0,-0.023679051430189446,0.0,0.9251213362800811,-0.019547857872028285,0.9375959623124146
2018-09-06,-0.010321436325131272,0.0,-0.010321436325131272,0.0,0.9155727553146459,-0.010690871008850245,0.9275722448209137
2018-09-07,0.00895848690808454,0.0,0.00895848690808454,0.0,0.923774901856531,0.004524529089476426,0.9317690724251969
2018-09-10,-0.009948405797814974,0.0,-0.009948405797814974,0.0,0.9145848142670255,-0.014515304285639186,0.9182441608149974
2018-09-11,-0.00607352369618952,0.0,-0.00607352369618952,0.0,0.9090300617253997,-0.0018129649282926374,0.9165794163558303
2018-09-12,-0.007245385964795292,0.0,-0.007245385964795292,0.0,0.9024437880745975,-0.006881371324218066,0.9102720930437508
2018-09-13,0.014245473648141438,0.0,0.014245473648141438,0.0,0.9152995272765431,0.010787236202090877,0.9200914131195854
2018-09-14,0.004185380605072897,0.0,0.004185380605072897,0.0,0.9191304041658387,0.0017067472129412842,0.9216617765745785
2018-09-17,-0.010530130645360125,0.0,-0.010530130645360125,0.0,0.9094518409298498,-0.011464209815273518,0.9110956525892098
2018-09-18,0.02453746664938805,0.0,0.02453746664938805,0.0,0.9317674851458905,0.020128414981706255,0.9294345639725539
2018-09-19,0.011513489682637879,0.0,0.011513489682637879,0.0,0.9424953804727352,0.013167424800393457,0.9416728237005489
2018-09-20,0.0001387170562068274,0.0,0.0001387170562068274,0.0,0.9426261206574029,-0.0007112491479198679,0.9410030597070727
2018-09-21,0.03464671455024515,0.0,0.03464671455024515,0.0,0.9752850187874249,0.030319087551349932,0.9695334138604196
2018-09-25,-0.01002951892735593,0.0,-0.01002951892735593,0.0,0.9655033792319297,-0.008996371778098422,0.9608111308180423
2018-09-26,0.013727970622393837,0.0,0.013727970622393837,0.0,0.9787577812578476,0.011076677819187086,0.9714537261592026
2018-09-27,-0.002833395346928169,0.0,-0.002833395346928169,0.0,0.975984573514662,-0.003994743127569866,0.967573018062876
2018-09-28,0.012121769835085061,0.0,0.012121769835085061,0.0,0.9878152338774003,0.01036405677534602,0.9776009997563725
2018-10-08,-0.04597670282521593,0.001,-0.04697670282521593,1.0,0.9414109311893205,-0.04302756868908775,0.9355372055888344
2018-10-09,-0.0024962912889355815,0.0,-0.0024962912889355815,0.0,0.9390608952824838,-0.0006709412838254991,0.93490951505505
2018-10-10,-0.0010800678505269445,0.0,-0.0010800678505269445,0.0,0.9380466457998021,-0.0021567851768378166,0.9328931160712947
2018-10-11,-0.06964898502944339,0.0,-0.06964898502944339,0.0,0.8727126490095721,-0.04799003412361902,0.8881235435973439
2018-10-12,-0.006822179675495033,0.0,-0.006822179675495033,0.0,0.8667588465129515,0.014920070138285668,0.9013744091592791
2018-10-15,-0.01843883932693391,0.0,-0.01843883932693391,0.0,0.8507768194069006,-0.013963363595592915,0.8887881905484254
2018-10-16,-0.023688110435604592,0.0,-0.023688110435604592,0.0,0.8306235241527375,-0.008149173567993384,0.8815453013184635
2018-10-17,0.008220147752887152,0.0,0.008220147752887152,0.0,0.8374513722482969,0.005569862888240795,0.8864553877765803
2018-10-18,-0.02780337558847079,0.0,-0.02780337558847079,0.0,0.8141673972085972,-0.02368446876866037,0.8654601628299752
2018-10-19,0.027255210390246365,0.0,0.027255210390246365,0.0,0.8363577009123968,0.029744526986012376,0.89120286599859
2018-10-22,0.04969979299827898,0.0,0.04969979299827898,0.0,0.8779245055202595,0.04316725072776384,0.9296736435644528
2018-10-23,-0.018367490587091084,0.0,-0.018367490587091084,0.0,0.8617992354289395,-0.026556498494162528,0.9049847668490708
2018-10-24,-0.0018967659059853093,0.0,-0.0018967659059853093,0.0,0.8601646040213737,0.0015002704633311215,0.906342488764539
2018-10-25,-0.0026067674670143814,0.0,-0.0026067674670143814,0.0,0.8579223549153335,0.001915186051573814,0.9080783032569696
2018-10-26,-0.00010910582580248018,0.0,-0.00010910582580248018,0.0,0.8578287505883261,-0.006471824257397785,0.9022013800663345
2018-10-29,-0.016871443488234106,0.0,-0.016871443488234106,0.0,0.8433559413001926,-0.030484286945411165,0.8746984143138464
2018-10-30,0.010093870885131029,0.0,0.010093870885131029,0.0,0.8518686672818849,0.010846020119672728,0.8841854109141403
2018-10-31,0.016175364641380474,0.0,0.016175364641380474,0.0,0.8656479536017362,0.014005898540347506,0.8965692220702591
2018-11-01,0.00618646654271271,0.001,0.00518646654271271,1.0,0.8701376077508595,0.007359639396377071,0.9031676482385865
2018-11-02,0.033577463597925794,0.0,0.033577463597925794,0.0,0.8993546216003002,0.0356344943113609,0.9353515706619496
2018-11-05,-0.012261441075237633,0.0,-0.012261441075237633,0.0,0.8883272379018055,-0.00833098801730936,0.9275591679347934
2018-11-06,-0.004742414167917541,0.0,-0.004742414167917541,0.0,0.8841144222230328,-0.006033096984677466,0.9219631135156161
2018-11-07,-0.006938890953598564,0.0,-0.006938890953598564,0.0,0.8779796486567234,-0.006549188289163399,0.915925003489539
2018-11-08,0.001476030219946356,0.0,0.001476030219946356,0.0,0.8792755731506386,-0.0028355851032462187,0.9133278201939533
2018-11-09,-0.020831070660555673,0.0,-0.020831070660555673,0.0,0.8609593215562371,-0.01410930242836872,0.900441401762594
2018-11-12,0.004418267595427183,0.0,0.004418267595427183,0.0,0.86476327022765,0.011901394310365188,0.9111579099383486
2018-11-13,0.00736451657629722,0.0,0.00736451657629722,0.0,0.8711318336658145,0.010059151843865743,0.9203233857081577
2018-11-14,-0.013393163465454161,0.0,-0.013393163465454161,0.0,0.8594646226175674,-0.01002013355235798,0.9111016224720038
2018-11-15,0.01199801151117752,0.0,0.01199801151117752,0.0,0.8697764890531828,0.011678522831763294,0.9217419435720996
2018-11-16,0.000936912523519462,0.0,0.000936912523519462,0.0,0.8705913935384395,0.004719384450643016,0.9260919981680993
2018-11-19,0.012447566368535501,0.0,0.012447566368535501,0.0,0.881428137689385,0.011336002313307114,0.9365901792016681
2018-11-20,-0.01817474852372536,0.0,-0.01817474852372536,0.0,0.8654084029451449,-0.023127217452300064,0.9149294544635824
2018-11-21,0.0018313783236900694,0.0,0.0018313783236900694,0.0,0.8669932931354378,0.0025118008655211632,0.9172275750591948
2018-11-22,-0.005561602302804336,0.0,-0.005561602302804336,0.0,0.8621714212398198,-0.003739355312209036,0.9137977352538926
2018-11-23,-0.015767716220490446,0.0,-0.015767716220490446,0.0,0.8485769469362934,-0.022072985325222838,0.8936274912534116
2018-11-26,0.001123289692452012,0.0,0.001123289692452012,0.0,0.8495301446740393,-0.000710042230334218,0.8929929779964341
2018-11-27,-0.0031658296896871496,0.0,-0.0031658296896871496,0.0,0.8468406769197461,-0.0012740179604061597,0.89185528890395
2018-11-28,0.011209985072843986,0.0,0.011209985072843986,0.0,0.8563337482670935,0.013289383888582362,0.9037074962112571
2018-11-29,-0.007964036686941012,0.0,-0.007964036686941012,0.0,0.8495138748796287,-0.012985174585309012,0.8919726965989014
2018-11-30,0.010905334716710291,0.0,0.010905334716710291,0.0,0.8587781080316806,0.011166304506488034,0.901932735340598
2018-12-03,0.024716181125143732,0.0,0.024716181125143732,0.0,0.8800038232960999,0.027818664918413116,0.9270232998839859
2018-12-04,0.0032499255443103614,0.0,0.0032499255443103614,0.0,0.8828637702005208,0.002073015532283673,0.9289450335834343
2018-12-05,-0.005749269973715498,0.0,-0.005749269973715498,0.0,0.8777879480356257,-0.004806424070679549,0.9244801298136807
2018-12-06,-0.019059212053226027,0.0,-0.019059212053226027,0.0,0.8610580013962486,-0.02162697216854592,0.9044864237758264
2018-12-07,-0.001548167563568681,0.0,-0.001548167563568681,0.0,0.8597249393281357,-3.394440597748183e-05,0.9044557215214567
2018-12-10,-0.009098531218296402,0.0,-0.009098531218296402,0.0,0.8519027051285106,-0.011567263280806817,0.8939936440647859
2018-12-11,0.002894620373776302,0.0,0.002894620373776302,0.0,0.8543686400552508,0.004786688217840229,0.8982729129076549
2018-12-12,0.003204202058472161,0.0,0.003204202058472161,0.0,0.8571062098104099,0.0034157052182786085,0.9013411483837119
2018-12-13,0.014272579991565282,0.0,0.014272579991565282,0.0,0.8693393267511963,0.015480622177001413,0.9152944701544248
2018-12-14,-0.014046108372780974,0.0,-0.014046108372780974,0.0,0.8571284923549285,-0.01670377166511583,0.9000056003186221
2018-12-17,0.0010580259562984473,0.0,0.0010580259562984473,0.0,0.858035356547723,-0.0014889868982419507,0.8986655037714033
2018-12-18,-0.011573634192036608,0.0,-0.011573634192036608,0.0,0.848104769207206,-0.010366326426350492,0.8893496438112082
2018-12-19,-0.011810491653418853,0.0,-0.011810491653418853,0.0,0.8380882349092595,-0.011923244493158958,0.8787457105681433
2018-12-20,-0.014612913517683457,0.0,-0.014612913517683457,0.0,0.8258413240123426,-0.007670020568556701,0.8720057128935547
2018-12-21,-0.012324608702132256,0.0,-0.012324608702132256,0.0,0.8156631528438396,-0.012395445418735052,0.8611968136745575
2018-12-24,0.0013390311537220256,0.0,0.0013390311537220256,0.0,0.8167553512164406,0.0029058607411711623,0.863699331685836
2018-12-25,-0.005153226201080607,0.0,-0.005153226201080607,0.0,0.8125464261406793,-0.006884343943350579,0.8577533284228687
2018-12-26,-0.006866657989938796,0.0,-0.006866657989938796,0.0,0.8069669477314242,-0.005053886245965811,0.853418340673921
2018-12-27,-0.0024110717325618314,0.0,-0.0024110717325618314,0.0,0.8050212925346373,-0.003839731275439018,0.850141443580202
2018-12-28,0.0074875101985585335,0.0,0.0074875101985585335,0.0,0.8110488976725472,0.00673732137638261,0.8558691197009837
2019-01-02,-0.013217048195476977,0.0,-0.013217048195476977,0.0,0.8003292253031207,-0.013657829827007695,0.8441798049099167
2019-01-03,0.002851345970529273,0.0,0.002851345970529273,0.0,0.8026112408147855,-0.0015803821136978202,0.8428456782454922
2019-01-04,0.02000843453081047,0.0,0.02000843453081047,0.0,0.8186702352803207,0.023958106367893972,0.8630386646566174
2019-01-07,-0.0001417062731379204,0.0,-0.0001417062731379204,0.0,0.8185542245723502,0.006070410036780105,0.8682776632286782
2019-01-08,-0.003952782654422338,0.0,-0.003952782654422338,0.0,0.8153186576317565,-0.002160558399084689,0.8664016986306519
2019-01-09,0.01195052341019398,0.0,0.01195052341019398,0.0,0.8250621423365527,0.01009678105222811,0.8751495668850041
2019-01-10,-0.00037209796807924356,0.0,-0.00037209796807924356,0.0,0.8247551383898502,-0.0018808007598565268,0.8735035849146187
2019-01-11,0.00971245589876868,0.0,0.00971245589876868,0.0,0.8327655362987444,0.007189800715074579,0.879783901614058
2019-01-14,-0.009922705424805778,0.0,-0.009922705424805778,0.0,0.8245022491941215,-0.00872211189300165,0.8721103279825185
2019-01-15,0.02026222408302214,0.0,0.02026222408302214,0.0,0.8412084985242486,0.019624908525206264,0.889225413393063
2019-01-16,0.0011974587637750833,0.0,0.0011974587637750833,0.0,0.8422158110129686,0.00021163750523500724,0.8894136068411451
2019-01-17,-0.004144937590762288,0.0,-0.004144937590762288,0.0,0.8387248790383666,-0.005508762240095777,0.8845140387479512
2019-01-18,0.019404574950618647,0.0,0.019404574950618647,0.0,0.8549999788166152,0.018241527895489495,0.900648926259724
2019-01-21,0.006256404189193043,0.0,0.006256404189193043,0.0,0.8603492042658434,0.005511692223975073,0.9056130259431212
2019-01-22,-0.0128485784302238,0.0,-0.0128485784302238,0.0,0.8492949400374531,-0.013284317480088736,0.8935825749923889
2019-01-23,-0.001742438155730941,0.0,-0.001742438155730941,0.0,0.8478150961284626,-0.0007202582494861831,0.8929389647711535
2019-01-24,0.006054527879905569,0.0,0.006054527879905569,0.0,0.8529482162649772,0.005644285530998827,0.8979789672500764
2019-01-25,0.012472414144857114,0.0,0.012472414144857114,0.0,0.8635865396623511,0.008132248442595857,0.9052815553079797
2019-01-28,-0.0018897134712734243,0.0,-0.0018897134712734243,0.0,0.8619546085447407,-0.00021730460641800065,0.9050848334559061
2019-01-29,0.00774345452202807,0.0,0.00774345452202807,0.0,0.8686291148560594,0.003201228226339836,0.9079822165719972
2019-01-30,-0.006466883586730199,0.0,-0.006466883586730199,0.0,0.8630117914902408,-0.007979724292964452,0.9007367688208379
2019-01-31,0.017809726579549823,0.0,0.017809726579549823,0.0,0.8783817955316094,0.010462420028764408,0.9101606552315935
2019-02-01,0.006512256434643149,0.0,0.006512256434643149,0.0,0.8841020430316335,0.014293955615774845,0.9231704512406984
2019-02-11,0.011133585422564263,0.0,0.011133585422564263,0.0,0.8939452686499898,0.018191801002464425,0.9399645843810245
2019-02-12,0.002258381292942868,0.0,0.002258381292942868,0.0,0.8959641379216238,0.007216753319927438,0.9467480769159704
2019-02-13,0.018723486903033493,0.0,0.018723486903033493,0.0,0.912739710723587,0.02002591330902148,0.9657075718297724
2019-02-14,-0.0016685964414643317,0.0,-0.0016685964414643317,0.0,0.9112167164902903,0.0015048448231806955,0.9671608118699468
2019-02-15,-0.022840454511226516,0.0,-0.022840454511226516,0.0,0.8904041125274247,-0.018645617170369277,0.9491275016296363
2019-02-18,0.025974175578419967,0.0,0.025974175578419967,0.0,0.9135316252819592,0.032060334770517285,0.9795568470717871
2019-02-19,-0.0014731782824484174,0.0,-0.0014731782824484174,0.0,0.912185830331264,-0.0017810371922472035,0.9778122198952319
2019-02-20,0.0035361912893374647,0.0,0.0035361912893374647,0.0,0.9154114939187384,0.0035815127770373323,0.98131426685433
2019-02-21,-0.004226931348298435,0.0,-0.004226931348298435,0.0,0.9115421123785006,-0.0026712615880927215,0.9786929197474347
2019-02-22,0.017789669978496292,0.0,0.017789669978496292,0.0,0.9277581457292154,0.02248580041397652,1.0006996134074475
2019-02-25,0.06276033386782065,0.0,0.06276033386782065,0.0,0.9859845567037712,0.05947669936064659,1.0602179234643976
2019-02-26,-0.019298353229670884,0.0,-0.019298353229670884,0.0,0.9669566784495013,-0.01200943937805865,1.0474853005850207
2019-02-27,0.006012653713503235,0.0,0.006012653713503235,0.0,0.9727706541129775,-0.0017103184145006445,1.0456937671865114
2019-02-28,-0.0023149873524680453,0.0,-0.0023149873524680453,0.0,0.9705187023518539,-0.0024527021589868525,1.043128991826094
2019-03-01,0.027513400282510148,0.0,0.027513400282510148,0.0,0.9972209718913227,0.021895856781954492,1.0659691948362227
2019-03-04,0.004653360137444551,0.0,0.004653360137444551,0.0,1.0018614002101456,0.0118382361961471,1.0785883899425106
2019-03-05,-0.0013129336140660364,0.0,-0.0013129336140660364,0.0,1.0005460227011744,0.005774485886522962,1.0848166833776012
2019-03-06,0.004030939573377079,0.0,0.004030939573377079,0.0,1.0045791632590657,0.008405893795435215,1.0939355372055897
2019-03-07,-0.017805336953643947,0.0,-0.017805336953643947,0.0,0.9866922927606283,-0.01019726669594534,1.082780384784532
2019-03-08,-0.03731870810481408,0.0,-0.03731870810481408,0.0,0.9498702110978247,-0.03971566220775291,1.039777044777249
2019-03-11,0.008566453876835967,0.0,0.008566453876835967,0.0,0.9580072304501747,0.01978795263205524,1.0603521036871995
2019-03-12,0.004125750665104233,0.0,0.004125750665104233,0.0,0.9619597294183792,0.0068089293302466825,1.067571966226384
2019-03-13,0.0015402020683343842,0.0,0.0015402020683343842,0.0,0.9634413417832838,-0.008296958580713554,1.0587143658406728
2019-03-14,0.00189797067653652,0.0,0.00189797067653652,0.0,0.9652699251985515,-0.00690297014602359,1.0514060921801083
2019-03-15,0.009773437122132522,0.0,0.009773437122132522,0.0,0.9747039301183651,0.012577849422709786,1.0646305196896695
2019-03-18,0.02517558390379593,0.0,0.02517558390379593,0.0,0.9992426706924197,0.028502765683890985,1.0949754339323032
2019-03-19,-0.0064732067008732574,0.0,-0.0064732067008732574,0.0,0.992774366340695,-0.0046173841071637245,1.0899195117659295
2019-03-20,0.0021454303971362165,0.0,0.0021454303971362165,0.0,0.99490429464374,0.00038524106779336265,1.090339393522451
2019-03-21,-0.003538318571675414,0.0,-0.003538318571675414,0.0,0.9913840063009624,0.00037831383100761506,1.090751883995513
2019-03-22,-0.002702138628202677,0.0,-0.002702138628202677,0.0,0.9887051492821541,-0.0008053395314071565,1.0898734583843745
2019-03-25,-0.027620465258706206,0.0,-0.027620465258706206,0.0,0.9613966530553024,-0.023729974508327367,1.0640107889996107
2019-03-26,-0.0044246501612659195,0.0,-0.0044246501612659195,0.0,0.9571428091993207,-0.011324601070047402,1.0519612912799636
2019-03-27,0.013094967987778983,0.0,0.013094967987778983,0.0,0.9696765636455187,0.011606460746954594,1.0641708387145201
2019-03-28,-0.0027783137601486985,0.0,-0.0027783137601486985,0.0,0.9669824979058487,-0.004005195293675157,1.0599086266796345
2019-03-29,0.038234087083490964,0.0,0.038234087083490964,0.0,1.0039541909389924,0.03860803375178867,1.1008296147122938
2019-04-01,0.0190642609401781,0.001,0.0180642609401781,1.0,1.0220898814161,0.026234001602648105,1.1297087805888986
2019-04-02,-0.0006650850241877171,0.0,-0.0006650850241877171,0.0,1.0214101047425963,-0.0006650850241877171,1.1289574281972354
2019-04-03,0.012809959496737244,0.0,0.012809959496737244,0.0,1.034494326813907,0.012809959496737244,1.1434193271259827
2019-04-04,0.00996331073103307,0.0,0.00996331073103307,0.0,1.0448013152414448,0.00996331073103307,1.1548115691780076
2019-04-08,-0.0012313430723167595,0.0,-0.0012313430723167595,0.0,1.0435148063799748,-0.0012313430723167595,1.153389599952469
2019-04-09,0.004486066721893112,0.0,0.004486066721893112,0.0,1.0481960834266788,0.004486066721893112,1.1585637826541935
2019-04-10,0.002556049300319385,0.0,0.002556049300319385,0.0,1.050875324292319,0.002556049300319385,1.1615251288002222
2019-04-11,-0.021603598960019843,0.0,-0.021603598960019843,0.0,1.028172635229327,-0.021603598960019843,1.1364320057356367
2019-04-12,-0.002241607293215986,0.0,-0.002241607293215986,0.0,1.0258678759515119,-0.002241607293215986,1.1338845714633357
2019-04-15,-0.0032825914345749885,0.0,-0.0032825914345749885,0.0,1.0225003708489078,-0.0032825914345749885,1.1301624916812534
2019-04-16,0.027735966378268806,0.0,0.027735966378268806,0.0,1.0508604067565404,0.027735966378268806,1.161508640552505
2019-04-17,0.000355133365917748,0.0,0.000355133365917748,0.0,1.0512336023499016,0.000355133365917748,1.161921131025567
2019-04-18,-0.0037103277517346323,0.0,-0.0037103277517346323,0.0,1.0473331811415467,-0.0037103277517346323,1.157610022807796
2019-04-19,0.011918493642676165,0.0,0.011918493642676165,0.0,1.0598158150027461,0.011918493642676165,1.1714069905053288
2019-04-22,-0.023054122110135244,0.0,-0.023054122110135244,0.0,1.0353826917894202,-0.023054122110135244,1.1444012307055529
2019-04-23,-0.0016409931312290071,0.0,-0.0016409931312290071,0.0,1.0336836359040005,-0.0016409931312290071,1.142523276146595
2019-04-24,0.002757896544045124,0.0,0.002757896544045124,0.0,1.0365344284310962,0.002757896544045124,1.1456742371413708
2019-04-25,-0.021903486498685343,0.0,-0.021903486498685343,0.0,1.0138307105725333,-0.021903486498685343,1.1205799769562532
2019-04-26,-0.013329135606532594,0.0,-0.013329135606532594,0.0,1.0003172235492446,-0.013329135606532594,1.1056436144854382
2019-04-29,0.002843460542131915,0.0,0.002843460542131915,0.0,1.0031615861040217,0.002843460542131915,1.1087874684768877
2019-04-30,0.003301512126910211,0.0,0.003301512126910211,0.0,1.0064735362457946,0.003301512126910211,1.1124481437502303
2019-05-06,-0.05841596581426345,0.0,-0.05841596581426345,0.0,0.9476794125594994,-0.05841596581426345,1.047463411014776
2019-05-07,0.009784191952650678,0.0,0.009784191952650678,0.0,0.9569516898415568,0.009784191952650678,1.0577119940915227
2019-05-08,-0.014301464145685783,0.0,-0.014301464145685783,0.0,0.9432658795601343,-0.014301464145685783,1.042585163931561
2019-05-09,-0.01847519957289212,0.0,-0.01847519957289212,0.0,0.9258388541849611,-0.01847519957289212,1.023323194956189
2019-05-10,0.036322749117982056,0.0,0.036322749117982056,0.0,0.9594678666092015,0.036322749117982056,1.0604931066331944
2019-05-13,-0.016546256739466636,0.0,-0.016546256739466636,0.0,0.9435922649550172,-0.016546256739466636,1.042945915420407
2019-05-14,-0.006426208989169568,0.0,-0.006426208989169568,0.0,0.9375285438598524,-0.006426208989169568,1.0362437270035147
2019-05-15,0.02247973334430675,0.0,0.02247973334430675,0.0,0.9586039355284981,0.02247973334430675,1.0595382096662644
2019-05-16,0.004526853643537665,0.0,0.004526853643537665,0.0,0.9629433952467549,0.004526853643537665,1.0643345840711596
2019-05-17,-0.025428396213211468,0.0,-0.025428396213211468,0.0,0.9384572890615253,-0.025428396213211468,1.0372702625639745
2019-05-20,-0.008487538646680393,0.0,-0.008487538646680393,0.0,0.9304920965523567,-0.008487538646680393,1.0284663911234104
2019-05-21,0.013539750212284263,0.0,0.013539750212284263,0.0,0.9430907271141803,0.013539750212284263,1.0423915691609509
2019-05-22,-0.004744222172284207,0.0,-0.004744222172284207,0.0,0.9386164951761296,-0.004744222172284207,1.0374462319663353
2019-05-23,-0.017924962596386207,0.0,-0.017924962596386207,0.0,0.9217918296077463,-0.017924962596386207,1.018850047062577
2019-05-24,0.0027759757698526677,0.0,0.0027759757698526677,0.0,0.9243507013915856,0.0027759757698526677,1.021678350106336
2019-05-27,0.012043415618737674,0.0,0.012043415618737674,0.0,0.9354830410659162,0.012043415618737674,1.0339828471053327
2019-05-28,0.009640390663469667,0.0,0.009640390663469667,0.0,0.9445014630408423,0.009640390663469667,1.0439508456907547
2019-05-29,-0.0022743481468228133,0.0,-0.0022743481468228133,0.0,0.9423533378887039,-0.0022743481468228133,1.041576538019484
2019-05-30,-0.006202664967934535,0.0,-0.006202664967934535,0.0,0.9365082358523654,-0.006202664967934535,1.035115987715688
2019-05-31,-0.003129202789313168,0.0,-0.003129202789313168,0.0,0.9335777116685214,-0.003129202789313168,1.0318768998796652
2019-06-03,0.0006127077910036416,0.001,-0.00038729220899635843,1.0,0.9332161442942996,0.0006127077910036416,1.0325091388955783
2019-06-04,-0.00792908951449911,0.0,-0.00792908951449911,0.0,0.9258165899498143,-0.009236200421088747,1.022972677552133
2019-06-05,-0.0006316801368750902,0.0,-0.0006316801368750902,0.0,0.9252317699995536,-0.00037849450891169756,1.0225854880109129
2019-06-06,-0.004718717309010967,0.0,-0.004718717309010967,0.0,0.9208658628316099,-0.009014749360944485,1.0133671361363554
2019-06-10,0.013526494017575219,0.0,0.013526494017575219,0.0,0.9333219494161908,0.012922906360686826,1.026462784745643
2019-06-11,0.025342506948557775,0.0,0.025342506948557775,0.0,0.9569746674045122,0.03005807113437009,1.057316276146311
2019-06-12,-0.005747451294909611,0.0,-0.005747451294909611,0.0,0.9514745021131424,-0.007576743430710686,1.049305261996836
2019-06-13,-0.0007852021573750978,0.0,-0.0007852021573750978,0.0,0.9507274022813959,-0.0015450695403208536,1.0476840123980262
2019-06-14,-0.0031955215463317366,0.0,-0.0031955215463317366,0.0,0.9476893323827177,-0.008279442653741365,1.039009772698135
2019-06-17,0.0029070873626779736,0.0,0.0029070873626779736,0.0,0.9504443480646322,-1.50483736812701e-05,1.0389941372908171
2019-06-18,0.0045638335342612635,0.0,0.0045638335342612635,0.0,0.9547820178527786,0.003500578003050814,1.042631217313116
2019-06-19,0.012928057969237905,0.0,0.012928057969237905,0.0,0.9671254951275653,0.013174487317248573,1.0563673490621752
2019-06-20,0.035139738618007454,0.0,0.035139738618007454,0.0,1.0011100322371589,0.03029652270839822,1.088371606441448
2019-06-21,-0.0013103928493872763,0.0,-0.0013103928493872763,0.0,0.9997981848094655,0.0014156913980813979,1.0899124047626032
2019-06-24,0.0036562878453014758,0.0,0.0036562878453014758,0.0,1.0034537347603387,0.0019113506791188506,1.0919956095776262
2019-06-25,-0.0133570976681614,0.0,-0.0133570976681614,0.0,0.9900505052196635,-0.010401778996820377,1.0806369125813016
2019-06-26,-0.002279630297159496,0.0,-0.002279630297159496,0.0,0.9877935560922467,-0.0018359460291320628,1.0786529215327143
2019-06-27,0.011586413164584641,0.0,0.011586413164584641,0.0,0.9992385403544458,0.010670128673539558,1.0901622869995578
2019-06-28,-0.0022232602733011086,0.0,-0.0022232602733011086,0.0,0.9970169730041244,-0.0024068945141320075,1.087538381371465
2019-07-01,0.024685064276983804,0.0,0.024685064276983804,0.0,1.021628401067975,0.028812571770031603,1.1188731590373944
2019-07-02,-0.0012867389957841313,0.0,-0.0012867389957841313,0.0,1.0203138319651204,0.0003447827284432936,1.1192589271779492
2019-07-03,-0.01145186050636926,0.0,-0.01145186050636926,0.0,1.0086293402887367,-0.01108283642383645,1.1068543635721173
2019-07-04,-0.0038651061428508493,0.0,-0.0038651061428508493,0.0,1.004730880829727,-0.0052476747345727714,1.1010459518935483
2019-07-05,0.002928954732242861,0.0,0.002928954732242861,0.0,1.0076736920977638,0.00518989688368654,1.1067602668480763
2019-07-08,-0.021746014918691214,0.0,-0.021746014918691214,0.0,0.9857608049562332,-0.02322329454693217,1.081057647178222
2019-07-09,-0.005508173909202108,0.0,-0.005508173909202108,0.0,0.9803310630096592,-0.002540240192069443,1.0783115010929158
2019-07-10,-0.0009616345635963253,0.0,-0.0009616345635963253,0.0,0.979388342775702,-0.0016848882057826087,1.0764946667625646
2019-07-11,0.0031436917222951166,0.0,0.0031436917222951166,0.0,0.9824672378017982,-0.00040087262417609626,1.0760631295205878
2019-07-12,0.004951467035293922,0.0,0.004951467035293922,0.0,0.9873318919430301,0.006210997984001487,1.0827465554486986
2019-07-15,0.00016539576104457332,0.0,0.00016539576104457332,0.0,0.9874951924527016,0.00405830708443311,1.0871406734653215
2019-07-16,-0.006218196726394565,0.0,-0.006218196726394565,0.0,0.9813547530796618,-0.0045350803883073,1.0822104031177577
2019-07-17,-0.003304142294096035,0.0,-0.003304142294096035,0.0,0.9781122173344992,-0.0005797451695563893,1.0815829968641066
2019-07-18,-0.00551820328831365,0.0,-0.00551820328831365,0.0,0.9727147952804641,-0.009524164979690553,1.0712818219627447
2019-07-19,0.01275197478984258,0.0,0.01275197478984258,0.0,0.9851188298275875,0.010495960887400013,1.0825259540654484
2019-07-22,-0.004738527951651195,0.0,-0.004738527951651195,0.0,0.9804508167167515,-0.006899241193764061,1.0750573464098414
2019-07-23,-0.0002796762140584441,0.0,-0.0002796762140584441,0.0,0.9801766079442616,0.002176544147143078,1.077397256185013
2019-07-24,0.00883413198717986,0.0,0.00883413198717986,0.0,0.9888356174695875,0.007894374384220804,1.0859026334858697
2019-07-25,0.008472587775885332,0.0,0.008472587775885332,0.0,0.9972136140345204,0.008176797257890556,1.094781839161693
2019-07-26,0.0027903476283921425,0.0,0.0027903476283921425,0.0,0.999996186677442,0.0019480315455431274,1.0969145087198677
2019-07-29,-0.00301630799954411,0.0,-0.00301630799954411,0.0,0.9969798901800532,-0.0011141436112713787,1.0956923884278666
2019-07-30,0.004619024333481603,0.0,0.004619024333481603,0.0,1.0015849645527866,0.004163693773399535,1.100254516003125
2019-07-31,-0.010653442141286162,0.0,-0.010653442141286162,0.0,0.9909146370833413,-0.009032591120419653,1.0903163668316735
2019-08-01,-0.008512490811666718,0.0,-0.008512490811666718,0.0,0.9824794853400233,-0.008314736638734388,1.0812506733885665
2019-08-02,-0.015269747533387168,0.0,-0.015269747533387168,0.0,0.9674772716421489,-0.01473155164403861,1.0653221732533913
2019-08-05,-0.020061397370392142,0.0,-0.020061397370392142,0.0,0.948068325648913,-0.019146414163489833,1.0449250737067328
2019-08-06,-0.009344318769018756,0.0,-0.009344318769018756,0.0,0.9392092729992396,-0.010707927332243683,1.0337360919498417
2019-08-07,-0.004865105698595995,0.0,-0.004865105698595995,0.0,0.9346399206129968,-0.0040969890238204965,1.029500886527596
2019-08-08,0.014422791672687785,0.0,0.014422791672687785,0.0,0.9481200374769755,0.013216598631866638,1.0431073865359821
2019-08-09,-0.005282983933241225,0.0,-0.005282983933241225,0.0,0.9431111345522005,-0.009746834132124516,1.032940391857422
2019-08-12,0.018994289268001285,0.0,0.018994289268001285,0.0,0.9610248602537579,0.018047188271460568,1.0515820615824691
2019-08-13,-0.011289278831380867,0.0,-0.011289278831380867,0.0,0.9501755826424644,-0.009016505343860226,1.0421004663047033
2019-08-14,0.0040964383436081775,0.0,0.0040964383436081775,0.0,0.9540679183323613,0.004542042123962586,1.0468337305200603
2019-08-15,0.0035776497626014425,0.0,0.0035776497626014425,0.0,0.9574812391938887,0.003149846214508978,1.0501310957833592
2019-08-16,0.0034956089920792355,0.0,0.0034956089920792355,0.0,0.960828219223362,0.004476988501086021,1.054832520623814
2019-08-19,0.018767973951093087,0.0,0.018767973951093087,0.0,0.9788610182132212,0.02171005344506538,1.07773299102215
2019-08-20,-0.0005484439726947121,0.0,-0.0005484439726947121,0.0,0.9783241677876764,-0.0008870787991331897,1.076776956934688
2019-08-21,-0.0022370571136364203,0.0,-0.0022370571136364203,0.0,0.9761356007486846,-0.0015771971195428502,1.0750786674198203
2019-08-22,0.0030618077386885822,0.0,0.0030618077386885822,0.0,0.9791243402850663,0.003106491742729256,1.0784183904229443
2019-08-23,0.013680309797932999,0.0,0.013680309797932999,0.0,0.9925190645908628,0.007211798267882097,1.0861957263030486
2019-08-26,-0.018474814876514145,0.0,-0.018474814876514145,0.0,0.9741824586111356,-0.0143823491231303,1.0705736801513062
2019-08-27,0.008297598829954733,0.0,0.008297598829954733,0.0,0.9822658338398698,0.013551833805950153,1.0850819167417411
2019-08-28,-0.007000459608643372,0.0,-0.007000459608643372,0.0,0.9753895215451234,-0.003762694049116777,1.0809990854708127
2019-08-29,-0.0040379808072962264,0.0,-0.0040379808072962264,0.0,0.9714509173774863,-0.0032601515180203933,1.0774748646613364
2019-08-30,0.005936367297623812,0.0,0.005936367297623812,0.0,0.9772178068346528,0.002479824874076053,1.0801468136319152
2019-09-02,0.007853012166476825,0.0,0.007853012166476825,0.0,0.9848919101610231,0.012826134215675244,1.0940009216361921
2019-09-03,-0.0009589085575680834,0.0,-0.0009589085575680834,0.0,0.9839474888800901,0.00137488566439381,1.0955050478201833
2019-09-04,0.009507008895014213,0.0,0.009507008895014213,0.0,0.9933018864091,0.008405103680677817,1.104712881329818
2019-09-05,0.012385612386023537,0.0,0.012385612386023537,0.0,1.0056045385564691,0.010118885713101822,1.1158913447217857
2019-09-06,0.00853665962974981,0.0,0.00853665962974981,0.0,1.0141890422242574,0.0059065203041890335,1.1224823796066539
2019-09-09,0.00017208568860938023,0.0,0.00017208568860938023,0.0,1.0143635696439688,0.006189679747388155,1.1294301860585052
2019-09-10,-0.003951252789622717,0.0,-0.003951252789622717,0.0,1.0103555627597214,-0.0034440420564275653,1.125540380997921
2019-09-11,-0.004263242872848627,0.0,-0.004263242872848627,0.0,1.006048171607743,-0.007366266213552297,1.1172493509173873
2019-09-12,0.014344245664059674,0.0,0.014344245664059674,0.0,1.0204791737311625,0.010757995979746138,1.1292687149429306
2019-09-16,-0.005705499669618419,0.0,-0.005705499669618419,0.0,1.014656830142587,-0.003691741474884047,1.1250997467916868
2019-09-17,-0.015235806290671339,0.0,-0.015235806290671339,0.0,0.9991977152270278,-0.016801108720562286,1.1061968236243624
2019-09-18,0.005907372400756339,0.0,0.005907372400756339,0.0,1.0051003482328587,0.004847578690596155,1.111559199774169
2019-09-19,0.0008363915273639222,0.0,0.0008363915273639222,0.0,1.0059410056482712,0.00365669893536813,1.1156238371165819
2019-09-20,0.00223415016559958,0.0,0.00223415016559958,0.0,1.0081884289126237,0.00287153493212422,1.1188273899359726
2019-09-23,-0.010974426636656376,0.0,-0.010974426636656376,0.0,0.9971241389635963,-0.011431145698640455,1.106037911029985
2019-09-24,0.00312803553022567,0.0,0.00312803553022567,0.0,1.0002431786983201,0.0026766653078575953,1.1089984043356143
2019-09-25,-0.0038250646835921165,0.0,-0.0038250646835921165,0.0,0.9964171838404773,-0.007713769226746714,1.100443846571739
2019-09-26,-0.0003270925128934232,0.0,-0.0003270925128934232,0.0,0.9960912632399247,-0.007709925951644325,1.0919595060007283
2019-09-27,0.0005427140552693999,0.0,0.0005427140552693999,0.0,0.9966318559688161,0.0029975483834352445,1.0952327074527175
2019-09-30,-0.01084259042432989,0.0,-0.01084259042432989,0.0,0.9858257849507065,-0.00989577831172439,1.0843945273800157
2019-10-08,0.008505012418456914,0.001,0.007505012418456914,1.0,0.9932244197091967,0.0060691650447972645,1.09097589674036
2019-10-09,0.0014487923560047022,0.0,0.0014487923560047022,0.0,0.9946633956562686,0.0014487923560047022,1.092556494280143
2019-10-10,0.00817019186160417,0.0,0.00817019186160417,0.0,1.002789986436495,0.00817019186160417,1.1014828904580534
2019-10-11,0.00957147233587441,0.0,0.00957147233587441,0.0,1.012388163050364,0.00957147233587441,1.1120257034725116
2019-10-14,0.010613220510133026,0.0,0.010613220510133026,0.0,1.023132861866666,0.010613220510133026,1.1238278774764012
2019-10-15,-0.0042979924573280925,0.0,-0.0042979924573280925,0.0,1.0187354445435186,-0.0042979924573280925,1.1189976737356726
2019-10-16,-0.0034461733883772716,0.0,-0.0034461733883772716,0.0,1.015224705564736,-0.0034461733883772716,1.1151414137307887
2019-10-17,0.0006467508861915938,0.0,0.0006467508861915938,0.0,1.0158813030427436,0.0006467508861915938,1.115862632428348
2019-10-18,-0.014226966016189668,0.0,-0.014226966016189668,0.0,1.0014283942678721,-0.014226966016189668,1.099987292678054
2019-10-21,0.002962233206474041,0.0,0.002962233206474041,0.0,1.0043948587112783,0.002962233206474041,1.1032457115631245
2019-10-22,0.003875707321095323,0.0,0.003875707321095323,0.0,1.0082875992184561,0.003875707321095323,1.1075215690443967
2019-10-23,-0.006364670789482441,0.0,-0.006364670789482441,0.0,1.001870180588313,-0.006364670789482441,1.100472558865178
2019-10-24,-0.00010772173692907838,0.0,-0.00010772173692907838,0.0,1.0017622573922826,-0.00010772173692907838,1.1003540140496944
2019-10-25,0.006749222614804484,0.0,0.006749222614804484,0.0,1.0085233738745323,0.006749222614804484,1.1077805482456093
2019-10-28,0.007645519699280845,0.0,0.007645519699280845,0.0,1.0162340591966752,0.007645519699280845,1.1162501062497012
2019-10-29,-0.004166215681056129,0.0,-0.004166215681056129,0.0,1.0120002089236266,-0.004166215681056129,1.1115995675530632
2019-10-30,-0.004859054182545952,0.0,-0.004859054182545952,0.0,1.007082845075719,-0.004859054182545952,1.1061982450250283
2019-10-31,-0.001149766166241739,0.0,-0.001149766166241739,0.0,1.0059249352938484,-0.001149766166241739,1.1049263757097425
2019-11-01,0.016886850511687035,0.001,0.015886850511687034,1.0,1.02190591436684,0.016886850511687035,1.123585102242773
2019-11-04,0.006536228510225506,0.0,0.006536228510225506,0.0,1.0285853249390926,0.006511255097236157,1.1309010514669298
2019-11-05,0.005857177126502355,0.0,0.005857177126502355,0.0,1.0346099313769819,0.0062066975321521944,1.1379202122321779
2019-11-06,-0.0023635047238843576,0.0,-0.0023635047238843576,0.0,1.0321646259167947,-0.004479599721495919,1.1328227851663781
2019-11-07,0.00016717269103860843,0.0,0.00016717269103860843,0.0,1.032337175654904,0.0017548825787061517,1.134810756136828
2019-11-08,-0.006870407434282022,0.0,-0.006870407434282022,0.0,1.025244598648599,-0.004725598872710179,1.1294480957068884
2019-11-11,-0.01551921536525469,0.0,-0.01551921536525469,0.0,1.0093336069201073,-0.01762718502415417,1.1095391051486845
2019-11-12,0.0019061215736679848,0.0,0.0019061215736679848,0.0,1.0112575194832858,0.0001821685902405612,1.1097412283232861
2019-11-13,-0.001242191709455609,0.0,-0.001242191709455609,0.0,1.010001343776459,-0.00094961458251408,1.1086874018700532
2019-11-14,0.0003029312558335828,0.0,0.0003029312558335828,0.0,1.0103073047519229,0.0015064172091050487,1.1103575476517482
2019-11-15,-0.00467161113654424,0.0,-0.00467161113654424,0.0,1.0055875418957119,-0.00736534901303354,1.102179376784037
2019-11-18,0.008882455449806814,0.0,0.008882455449806814,0.0,1.0145196284374813,0.007954421474462015,1.1109465760874373
2019-11-19,0.006641851278084143,0.0,0.006641851278084143,0.0,1.0212579169282603,0.01000785838227869,1.1220647720911978
2019-11-20,-0.010870967043184354,0.0,-0.010870967043184354,0.0,1.010155855770742,-0.009925161621154532,1.1109280978787888
2019-11-21,-0.0063295873083468734,0.0,-0.0063295873083468734,0.0,1.0037619860866032,-0.004674164709928541,1.1057354369684156
2019-11-22,-0.009178333978111075,0.0,-0.009178333978111075,0.0,0.9945491233437682,-0.010181771998031719,1.0944770908590593
2019-11-25,0.009916958306684487,0.0,0.009916958306684487,0.0,1.004412025533918,0.007327541983820796,1.1024969176926591
2019-11-26,-0.001585770354023186,0.0,-0.001585770354023186,0.0,1.002819258720602,0.0034673248404029078,1.1063196326418425
2019-11-27,-0.000761903598323066,0.0,-0.000761903598323066,0.0,1.002055207118915,-0.004120100121978942,1.1017614849884472
2019-11-28,-0.004700572831368377,0.0,-0.004700572831368377,0.0,0.9973449736368006,-0.003435838249322254,1.0979760107366938
2019-11-29,-0.012205159424285794,0.0,-0.012205159424285794,0.0,0.9851722192325534,-0.008707758039698144,1.0884151013018057
2019-12-02,0.001631939586453246,0.0,0.001631939586453246,0.0,0.986779960776593,0.0019296513072031285,1.0905153629248123
2019-12-03,0.003512403606352965,0.0,0.003512403606352965,0.0,0.9902459302695016,0.0039175622689848755,1.0947875247643548
2019-12-04,-0.002940930835369504,0.0,-0.002940930835369504,0.0,0.9873336854785728,-0.0003292576875049136,1.0944270575556416
2019-12-05,0.007197699052693185,0.0,0.007197699052693185,0.0,0.994440216211234,0.007674386769871644,1.1028261140867361
2019-12-06,0.006116127363021917,0.0,0.006116127363021917,0.0,1.000522339228493,0.005934220145364044,1.1093705270297831
2019-12-09,-0.0023049045893318576,0.0,-0.0023049045893318576,0.0,0.9982162306970762,-0.0017778871126247209,1.107398191466651
2019-12-10,0.001347065606288611,0.0,0.001347065606288611,0.0,0.9995608934490873,0.0012673770173230459,1.108801682483541
2019-12-11,0.004308488307599001,0.0,0.004308488307599001,0.0,1.0038674898712459,0.0006063505542017733,1.1094740049982148
2019-12-12,-0.003933691048454313,0.0,-0.003933691048454313,0.0,0.999918585312505,-0.0030042926152822336,1.106140820438151
2019-12-13,0.023236207490425764,0.0,0.023236207490425764,0.0,1.0231529010343594,0.019839764545271477,1.1280863938695573
2019-12-16,-0.00236535583620201,0.0,-0.00236535583620201,0.0,1.0207327803485708,0.004869940459465205,1.133580107440835
2019-12-17,0.011316343480699098,0.0,0.011316343480699098,0.0,1.0322837430930043,0.013605861850872758,1.1490034417795725
2019-12-18,-0.002425537610833861,0.0,-0.002425537610833861,0.0,1.02977990004908,-0.002230936711366316,1.1464400878198202
2019-12-19,-0.0026677374631706163,0.0,-0.0026677374631706163,0.0,1.0270327176308989,-0.001396802158707744,1.1448387378303244
2019-12-20,-0.0016857136513644955,0.0,-0.0016857136513644955,0.0,1.0253014345583904,-0.0024575692487243117,1.1420252173534842
2019-12-23,-0.00942134868383937,0.0,-0.00942134868383937,0.0,1.015641712237375,-0.012485397359837669,1.127766578719871
2019-12-24,0.0041960389954838195,0.0,0.0041960389954838195,0.0,1.019903384467363,0.006519126333217162,1.1351186315209258
2019-12-25,-0.0035908721571428215,0.0,-0.0035908721571428215,0.0,1.0162410418011034,-0.0005236719244229304,1.1345242017627089
2019-12-26,0.008584047442669274,0.0,0.008584047442669274,0.0,1.0249645031171117,0.008800343384031573,1.144508404315715
2019-12-27,0.002039755136410859,0.0,0.002039755136410859,0.0,1.0270551797269836,-0.0009836094891489955,1.1433826549888193
2019-12-30,0.01490201900139132,0.0,0.01490201900139132,0.0,1.0423603755307524,0.014819638252145495,1.1603271723195312
2019-12-31,0.0001531303567054998,0.0,0.0001531303567054998,0.0,1.042519992546873,0.0036625046886873402,1.1645768760285629
2020-01-02,0.0090146998957632,0.0,0.0090146998957632,0.0,1.0519179974150163,0.013586692515858312,1.1803996239542418
2020-01-03,-0.00406168822450137,0.0,-0.00406168822450137,0.0,1.0476454344717747,-0.0017523067663942626,1.1783312017061376
2020-01-06,-0.006965905299682107,0.0,-0.006965905299682107,0.0,1.0403476355876,-0.0037804903057082617,1.173876532021174
2020-01-07,0.005619863152619198,0.0,0.005619863152619198,0.0,1.0461942469307532,0.007490867085059305,1.182669885096815
2020-01-08,-0.011763768231449645,0.0,-0.011763768231449645,0.0,1.0338870602847838,-0.011516198515129084,1.169050023922175
2020-01-09,0.009774337336269978,0.0,0.009774337336269978,0.0,1.0439926211796118,0.012657827691785473,1.1838476576880597
2020-01-10,0.00010920781628054321,0.0,0.00010920781628054321,0.0,1.044106633333984,-0.00028455684773431855,1.1835107857303904
2020-01-13,0.00725158505170187,0.0,0.00725158505170187,0.0,1.0516780613886514,0.009800909640095279,1.1951102679994121
2020-01-14,-0.0030827201979983787,0.0,-0.0030827201979983787,0.0,1.0484360321870168,-0.0033544339327323813,1.191101349563078
2020-01-15,-0.007334280767200663,0.0,-0.007334280767200663,0.0,1.0407465079605074,-0.005525687333736484,1.184519695922601
2020-01-16,-0.004877358071005644,0.0,-0.004877358071005644,0.0,1.0356704145800353,-0.004245771388334485,1.1794904960887342
2020-01-17,0.003312419304963621,0.0,0.003312419304963621,0.0,1.03910098925487,0.001400322917839203,1.181142163661781
2020-01-20,0.004198255388738303,0.0,0.004198255388738303,0.0,1.0434634005824526,0.007455618766777139,1.1899483093434096
2020-01-21,-0.017573110945204973,0.0,-0.017573110945204973,0.0,1.0251265024767562,-0.01708645597169489,1.1696163099472205
2020-01-22,0.0019146034410406632,0.0,0.0019146034410406632,0.0,1.0270892132059002,0.004283100758839309,1.1746258944519063
2020-01-23,-0.02829338088107569,0.0,-0.02829338088107569,0.0,0.9980293868978213,-0.030985512584793873,1.138229509016942
2020-02-03,-0.07004279294102322,0.001,-0.07104279294102323,1.0,0.927126591815383,-0.07880889162843929,1.0485269029925341
2020-02-04,0.01742511201101382,0.0,0.01742511201101382,0.0,0.9432818765261556,0.026374880095695552,1.0761816743360733
2020-02-05,0.02551559359660449,0.0,0.02551559359660449,0.0,0.9673502735346394,0.011329398109380717,1.0883741649626466
2020-02-06,0.031017013787377756,0.0,0.031017013787377756,0.0,0.997354590306087,0.018609768195444465,1.108628555882512
2020-02-07,0.008356218525762182,0.0,0.008356218525762182,0.0,1.0056887032103567,2.4103954715304354e-05,1.108655278215019
2020-02-10,0.011525731846803389,0.0,0.011525731846803389,0.0,1.0172800015249188,0.004137574877515204,1.1132424224419861
2020-02-11,-0.005040053373567721,0.0,-0.005040053373567721,0.0,1.0121528560213702,0.00931025368966587,1.1236069918130192
2020-02-12,0.018404010835478157,0.0,0.018404010835478157,0.0,1.0307805281507476,0.008088372215407924,1.1326951433866377
2020-02-13,-0.008627191550978797,0.0,-0.008627191550978797,0.0,1.021887787087372,-0.006152443773053795,1.1257263002049402
2020-02-14,0.0014707615703544175,0.0,0.0014707615703544175,0.0,1.0233907403738345,0.0070241335744494204,1.1336335521058505
2020-02-17,0.03203104779863786,0.0,0.03203104779863786,0.0,1.0561710180954322,0.02249147009304031,1.1591306372395063
2020-02-18,0.01186482214385487,0.0,0.01186482214385487,0.0,1.0687022993786286,-0.004883720702090311,1.1534697669499925
2020-02-19,-0.010166559084965554,0.0,-0.010166559084965554,0.0,1.0578372743077573,-0.0015280303614703117,1.1517072301250548
2020-02-20,0.018462456607872824,0.0,0.018462456607872824,0.0,1.0773675490828547,0.023040689791526736,1.1782433591450248
2020-02-21,0.013548780182216946,0.0,0.013548780182216946,0.0,1.091964565180832,0.0011663211615149383,1.17961756930821
2020-02-24,0.014079278952813468,0.0,0.014079278952813468,0.0,1.1073386389006006,-0.00401278229372759,1.17488402081272
2020-02-25,0.005499135874432515,0.0,0.005499135874432515,0.0,1.113428044534924,-0.002174050331987254,1.1723297638172256
2020-02-26,-0.02616756096675965,0.0,-0.02616756096675965,0.0,1.0842923482974565,-0.012328031011767271,1.157877246132869
2020-02-27,0.001799458960931366,0.0,0.001799458960931366,0.0,1.0862434878798697,0.0029120933755462097,1.1612490927910282
2020-02-28,-0.052563833396364945,0.0,-0.052563833396364945,0.0,1.029146366155066,-0.03545444219114613,1.1200776539611477
2020-03-02,0.037629441838537225,0.001,0.036629441838537224,1.0,1.066843423117485,0.03289730660710055,1.1569251919672694
2020-03-03,0.00533115002557949,0.0,0.00533115002557949,0.0,1.0725309254599271,0.00533115002557949,1.1630929337340192
2020-03-04,0.005790247844116303,0.0,0.005790247844116303,0.0,1.0787411453388196,0.005790247844116303,1.1698275300860796
2020-03-05,0.0222774827632799,0.0,0.0222774827632799,0.0,1.1027727826101459,0.0222774827632799,1.1958883427235827
2020-03-06,-0.016216415382512728,0.0,-0.016216415382512728,0.0,1.0848897610948103,-0.016216415382512728,1.1764953206068722
2020-03-09,-0.034160628458523745,0.0,-0.034160628458523745,0.0,1.047829245047594,-0.034160628458523745,1.1363055010764291
2020-03-10,0.021415099272403593,0.0,0.021415099272403593,0.0,1.0702686123508158,0.021415099272403593,1.1606395961857592
2020-03-11,-0.013300652602228125,0.0,-0.013300652602228125,0.0,1.0560333413468688,-0.013300652602228125,1.145202332120502
2020-03-12,-0.019242737057051262,0.0,-0.019242737057051262,0.0,1.0357123694358517,-0.019242737057051262,1.1231655047663853
2020-03-13,-0.01407219752608957,0.0,-0.01407219752608957,0.0,1.021137620392936,-0.01407219752608957,1.1073600979288227
2020-03-16,-0.042993464196587006,0.0,-0.042993464196587006,0.0,0.9772353766707843,-0.042993464196587006,1.0597508512057907
2020-03-17,-0.0048709172067471496,0.0,-0.0048709172067471496,0.0,0.9724753440595165,-0.0048709172067471496,1.0545888925497875
2020-03-18,-0.01979280164714925,0.0,-0.01979280164714925,0.0,0.9532273324678033,-0.01979280164714925,1.0337156237802627
2020-03-19,-0.012970480359336567,0.0,-0.012970480359336567,0.0,0.940863516074047,-0.012970480359336567,1.0203078355848814
2020-03-20,0.017868302660310142,0.0,0.017868302660310142,0.0,0.9576751501413016,0.017868302660310142,1.038539004797798
2020-03-23,-0.03364644489360635,0.0,-0.03364644489360635,0.0,0.925452785976096,-0.03364644489360635,1.003595859403008
2020-03-24,0.02685574564924398,0.0,0.02685574564924398,0.0,0.9503065106066543,0.02685574564924398,1.0305481745377698
2020-03-25,0.026868940709467326,0.0,0.026868940709467326,0.0,0.9758402398959652,0.026868940709467326,1.0582379123376748
2020-03-26,-0.006573776137549947,0.0,-0.006573776137549947,0.0,0.9694252846128761,-0.006573776137549947,1.0512812932016988
2020-03-27,0.0032487418358935205,0.0,0.0032487418358935205,0.0,0.972574697091771,0.0032487418358935205,1.0546966347202154
2020-03-30,-0.009689867632904248,0.0,-0.009689867632904248,0.0,0.9631505770138398,-0.009689867632904248,1.0444767639369068
2020-03-31,0.0032780718927654107,0.0,0.0032780718927654107,0.0,0.9663078538488497,0.0032780718927654107,1.047900633859415
2020-04-01,-0.0030055708455016816,0.0,-0.0030055708455016816,0.0,0.9634035471355422,-0.0030055708455016816,1.0447510942653044
2020-04-02,0.01617789672921055,0.0,0.01617789672921055,0.0,0.9789893902296561,0.01617789672921055,1.0616529695760581
2020-04-03,-0.005707008457019103,0.0,-0.005707008457019103,0.0,0.9734022895002835,-0.005707008457019103,1.0555941071002681
2020-04-07,0.02283814201051504,0.0,0.02283814201051504,0.0,0.9956329892212514,0.02283814201051504,1.0797019152236869
2020-04-08,-0.00465400270298677,0.0,-0.00465400270298677,0.0,0.9909993105982329,-0.00465400270298677,1.0746769795918159
2020-04-09,0.003297582628040585,0.0,0.003297582628040585,0.0,0.9942672127092618,0.003297582628040585,1.078220815730473
2020-04-10,-0.0062309985918096444,0.0,-0.0062309985918096444,0.0,0.9880719351069879,-0.0062309985918096444,1.0715024233459964
2020-04-13,-0.00422399791148087,0.0,-0.00422399791148087,0.0,0.9838983213167031,-0.00422399791148087,1.0669763993476362
2020-04-14,0.019301103015327836,0.0,0.019301103015327836,0.0,1.002888644173045,0.019301103015327836,1.0875702207463684
2020-04-15,-0.007407012417861458,0.0,-0.007407012417861458,0.0,0.995460235531923,-0.007407012417861458,1.0795145746160038
2020-04-16,0.0013217070166078315,0.0,0.0013217070166078315,0.0,0.9967759423099796,0.0013217070166078315,1.080941376603804
2020-04-17,0.009758622294820052,0.0,0.009758622294820052,0.0,1.006503102243546,0.009758622294820052,1.0914898752209234
2020-04-20,0.0036379860121937835,0.0,0.0036379860121937835,0.0,1.0101647464507377,0.0036379860121937835,1.0954607001194283
2020-04-21,-0.011783710981443929,0.0,-0.011783710981443929,0.0,0.9982612570349186,-0.011783710981443929,1.0825521078376907
2020-04-22,0.008228890032081937,0.0,0.008228890032081937,0.0,1.006475839142347,0.008228890032081937,1.0914603100870857
2020-04-23,-0.0025082155127528205,0.0,-0.0025082155127528205,0.0,1.0039513808293992,-0.0025082155127528205,1.0887226924057711
2020-04-24,-0.008559559846287756,0.0,-0.008559559846287756,0.0,0.9953579989024267,-0.008559559846287756,1.0794037053641123
2020-04-27,0.006794098033906959,0.0,0.006794098033906959,0.0,1.0021205587258033,0.006794098033906959,1.0867372799565185
2020-04-28,0.006900233835735348,0.0,0.006900233835735348,0.0,1.009035424912609,0.006900233835735348,1.0942360213062294
2020-04-29,0.004646484013211216,0.0,0.004646484013211216,0.0,1.0137238918832292,0.004646484013211216,1.0993203714859088
2020-04-30,0.011777766514474264,0.0,0.011777766514474264,0.0,1.025663295191974,0.011777766514474264,1.112267910145875
2020-05-06,0.006051510296155138,0.0,0.006051510296155138,0.0,1.0318701071832166,0.006051510296155138,1.1189988108562057
2020-05-07,-0.002885738572764862,0.0,-0.002885738572764862,0.0,1.028892399812835,-0.002885738572764862,1.1157696728248399
2020-05-08,0.009867015550734548,0.0,0.009867015550734548,0.0,1.039044497121821,0.009867015550734548,1.1267789895376406
2020-05-11,-0.000868397642358465,0.0,-0.000868397642358465,0.0,1.0381421933302148,-0.000868397642358465,1.125800497319667
2020-05-12,1.4645798928292209e-05,0.0,1.4645798928292209e-05,0.0,1.0381573977520373,1.4645798928292209e-05,1.125816985567384
2020-05-13,0.0020238682624631466,0.0,0.0020238682624631466,0.0,1.040258491560789,0.0020238682624631466,1.1280954908338159
2020-05-14,-0.010844822646136842,0.0,-0.010844822646136842,0.0,1.0289770727136744,-0.010844822646136842,1.1158614953078165
2020-05-15,-0.0031595697359994013,0.0,-0.0031595697359994013,0.0,1.025725947895691,-0.0031595697359994013,1.112335853097675
2020-05-18,0.002580238886776165,0.0,0.002580238886776165,0.0,1.028372565873627,0.002580238886776165,1.115205945320993
2020-05-19,0.008498278829604189,0.0,0.008498278829604189,0.0,1.0371119626791365,0.008498278829604189,1.1246832763967631
2020-05-20,-0.005315134281200562,0.0,-0.005315134281200562,0.0,1.0315995733328573,-0.005315134281200562,1.1187054337588938
2020-05-21,-0.005444927884627582,0.0,-0.005444927884627582,0.0,1.0259825880502473,-0.005444927884627582,1.1126141633479356
2020-05-22,-0.022926852326194957,0.0,-0.022926852326194957,0.0,1.002460036764772,-0.022926852326194957,1.0871054227288246
2020-05-25,0.0013757614935314688,0.0,0.0013757614935314688,0.0,1.003839182682157,0.0013757614935314688,1.0886010205088241
2020-05-26,0.011345341541916687,0.0,0.011345341541916687,0.0,1.0152280810628447,0.011345341541916687,1.1009515708893758
2020-05-27,-0.007012035313225362,0.0,-0.007012035313225362,0.0,1.008109265907454,-0.007012035313225362,1.0932316595961487
2020-05-28,0.002865082142929687,0.0,0.002865082142929687,0.0,1.0109975817633274,0.002865082142929687,1.0963638581021429
2020-05-29,0.0026943198106534894,0.0,0.0026943198106534894,0.0,1.013721532576395,0.0026943198106534894,1.0993178129647119
2020-06-01,0.026976048500358063,0.0,0.026976048500358063,0.0,1.0410677338050331,0.026976048500358063,1.1289730636045554
2020-06-02,0.003079061475471878,0.0,0.003079061475471878,0.0,1.044273245357549,0.003079061475471878,1.1324492410715457
2020-06-03,2.008249890539382e-05,0.0,2.008249890539382e-05,0.0,1.0442942169738558,2.008249890539382e-05,1.13247198348219
2020-06-04,-0.0003672513234102004,0.0,-0.0003672513234102004,0.0,1.0439106985406426,-0.0003672513234102004,1.1320560816475311
2020-06-05,0.004787823770116217,0.0,0.004787823770116217,0.0,1.048908758996994,0.004787823770116217,1.1374761666643478
2020-06-08,0.00517438171211948,0.0,0.00517438171211948,0.0,1.05433621329723,0.00517438171211948,1.1433619025391075
2020-06-09,0.006234281586939616,0.0,0.006234281586939616,0.0,1.0609092421382327,0.006234281586939616,1.1504899425953152
2020-06-10,-0.0018097226385084264,0.0,-0.0018097226385084264,0.0,1.0589892906653322,-0.0018097226385084264,1.1484078749008242
2020-06-11,-0.010847326723114614,0.0,-0.010847326723114614,0.0,1.047502087833206,-0.010847326723114614,1.1359507194703773
2020-06-12,0.0018013531420448814,0.0,0.0018013531420448814,0.0,1.049389009010423,0.0018013531420448814,1.1379969678681034
2020-06-15,-0.012014489831962072,0.0,-0.012014489831962072,0.0,1.0367811354318945,-0.012014489831962072,1.1243245148688485
2020-06-16,0.015065026745972432,0.0,0.015065026745972432,0.0,1.0524002709668956,0.015065026745972432,1.1412624937565001
2020-06-17,0.0007532562640581997,0.0,0.0007532562640581997,0.0,1.053192998063298,0.0007532562640581997,1.1421221568788569
2020-06-18,0.0066681700540174305,0.0,0.0066681700540174305,0.0,1.0602158680740845,0.0066681700540174305,1.1497380216433863
2020-06-19,0.01343245349600819,0.0,0.01343245349600819,0.0,1.0744571684177195,0.01343245349600819,1.1651818241517036
2020-06-22,0.0008139146219177107,0.0,0.0008139146219177107,0.0,1.075331684817719,0.0008139146219177107,1.1661301826755734
2020-06-23,0.004814182971131897,0.0,0.004814182971131897,0.0,1.080508528303087,0.004814182971131897,1.171744146743133
2020-06-24,0.004171969778208107,0.0,0.004171969778208107,0.0,1.0850163772282637,0.004171969778208107,1.1766326279111377
2020-06-29,-0.007072739967963093,0.0,-0.007072739967963093,0.0,1.077342338531147,-0.007072739967963093,1.168310611296101
2020-06-30,0.013199938876554906,0.0,0.013199938876554906,0.0,1.0915631915488828,0.013199938876554906,1.18373223995404
2020-07-01,0.020129857030464215,0.001,0.019129857030464215,1.0,1.1124446393429304,0.020129857030464215,1.207560600706666
2020-07-02,0.01587772497538209,0.0,0.01587772497538209,0.0,1.1301077293767556,0.020731044704721535,1.2325945935035763
2020-07-03,0.012757730643205178,0.0,0.012757730643205178,0.0,1.1445253393859485,0.01931595801971686,1.2564033389270213
2020-07-06,0.041038517659228724,0.0,0.041038517659228724,0.0,1.1914949627377736,0.056679162529787996,1.3276152279770341
2020-07-07,0.012726165919692,0.0,0.012726165919692,0.0,1.2066581253260518,0.00600223335927863,1.3355838843866843
2020-07-08,0.024355222265482146,0.0,0.024355222265482146,0.0,1.2360465521668178,0.01615069497923205,1.3571544923225916
2020-07-09,0.024226464577995488,0.0,0.024226464577995488,0.0,1.2659915901796406,0.013985534993267601,1.3761350239662395
2020-07-10,-0.00258569754300475,0.0,-0.00258569754300475,0.0,1.2627181188354484,-0.01810414084863754,1.3512212816656115
2020-07-13,0.033413181312128115,0.0,0.033413181312128115,0.0,1.3049095482862065,0.021002568200805705,1.3796003987881735
2020-07-14,-0.013303972828246913,0.0,-0.013303972828246913,0.0,1.287549067112487,-0.009534591355669364,1.36644647275161
2020-07-15,-0.024808427247449916,0.0,-0.024808427247449916,0.0,1.2556069997535049,-0.012944666704114427,1.3487582785928276
2020-07-16,-0.04802647692261808,0.0,-0.04802647692261808,0.0,1.1953046191559655,-0.048101484064918654,1.2838810037476676
2020-07-17,0.003891298699778112,0.0,0.003891298699778112,0.0,1.1999559064663259,0.006299027091706488,1.2919682049728014
2020-07-20,0.02872399497461675,0.0,0.02872399497461675,0.0,1.2344234338934263,0.02983782651487976,1.3305177281355205
2020-07-21,0.005590919822829887,0.0,0.005590919822829887,0.0,1.2413249963397468,0.0022942949230870813,1.3335703282042592
2020-07-22,0.008740235892666703,0.0,0.008740235892666703,0.0,1.25217446962722,0.00498865604088472,1.340223051878
2020-07-23,-9.107813401298959e-05,0.0,-9.107813401298959e-05,0.0,1.2520604239130675,-0.0004261371168822192,1.3396519330906937
2020-07-24,-0.05077018636918007,0.0,-0.05077018636918007,0.0,1.1884930828455265,-0.043893434308709844,1.2808500089690413
2020-07-27,0.002347555682438829,0.0,0.002347555682438829,0.0,1.1912831365356997,0.005073474267859535,1.2873483685305334
2020-07-28,0.009673212160854483,0.0,0.009673212160854483,0.0,1.2028066710590577,0.008790645805960118,1.2986649920671658
2020-07-29,0.026826417244684597,0.0,0.026826417244684597,0.0,1.235073664681578,0.024243376797019822,1.3301490168029488
2020-07-30,-0.002884260086602808,0.0,-0.002884260086602808,0.0,1.2315113910065227,-0.0048850098140460485,1.3236512258017228
2020-07-31,0.01047910169124,0.0,0.01047910169124,0.0,1.2444165241068006,0.008353466199872095,1.3347083015768768
2020-08-03,0.02433845466413964,0.001,0.02333845466413964,1.0,1.2734592827379732,0.016243717313951578,1.356388925924276
2020-08-04,0.000941250738004662,0.0,0.000941250738004662,0.0,1.2746579272276692,0.000941250738004662,1.3576656280018236
2020-08-05,0.0002736713121693768,0.0,0.0002736713121693768,0.0,1.2750067645351808,0.0002736713121693768,1.358037182135726
2020-08-06,-0.0030028621913379405,0.0,-0.0030028621913379405,0.0,1.271178094928258,-0.0030028621913379405,1.3539591836270595
2020-08-07,-0.011513902431445233,0.0,-0.011513902431445233,0.0,1.2565418743702637,-0.011513902431445233,1.3383698296906184
2020-08-10,0.0035990370281944184,0.0,0.0035990370281944184,0.0,1.2610642151035991,0.0035990370281944184,1.3431866722650931
2020-08-11,-0.009118981051330577,0.0,-0.009118981051330577,0.0,1.2495645944215583,-0.009118981051330577,1.330938178452308
2020-08-12,-0.007291878480510716,0.0,-0.007291878480510716,0.0,1.2404529212454876,-0.007291878480510716,1.3212331389899614
2020-08-13,-0.0025673217296072748,0.0,-0.0025673217296072748,0.0,1.237268279506219,-0.0025673217296072748,1.3178411084423554
2020-08-14,0.014866321534573013,0.0,0.014866321534573013,0.0,1.2556619075738864,0.014866321534573013,1.3374325580919375
2020-08-17,0.02350812359486798,0.0,0.02350812359486798,0.0,1.285180162890501,0.02350812359486798,1.3688730879673632
2020-08-18,-0.0005129561935409699,0.0,-0.0005129561935409699,0.0,1.2845209217661304,-0.0005129561935409699,1.3681709160387188
2020-08-19,-0.014976450083902138,0.0,-0.014976450083902138,0.0,1.265283358299572,-0.014976450083902138,1.3476805726084182
2020-08-20,-0.012977890504269562,0.0,-0.012977890504269562,0.0,1.2488626494186856,-0.012977890504269562,1.3301905217023748
2020-08-21,0.00848208885623336,0.0,0.00848208885623336,0.0,1.2594556133802859,0.00848208885623336,1.3414733159031738
2020-08-24,0.007842176567434134,0.0,0.007842176567434134,0.0,1.2693324866792601,0.007842176567434134,1.3519933865069877
2020-08-25,0.0012830516696387129,0.0,0.0012830516696387129,0.0,1.2709611058456207,0.0012830516696387129,1.353728063878886
2020-08-26,-0.01172229617650411,0.0,-0.01172229617650411,0.0,1.2560625233340812,-0.01172229617650411,1.3378592625716523
2020-08-27,0.005357905540221086,0.0,0.005357905540221086,0.0,1.2627923876867169,0.005357905540221086,1.345027386126621
2020-08-28,0.02386636358160321,0.0,0.02386636358160321,0.0,1.292930649939329,0.02386636358160321,1.3771282987511324
2020-08-31,-0.0057903520967577116,0.0,-0.0057903520967577116,0.0,1.2854441262394904,-0.0057903520967577116,1.3691542410189543
2020-09-01,0.005379120325816,0.001,0.004379120325816,1.0,1.2910732407404066,0.005379120325816,1.3765190864259966
2020-09-02,0.0077900716398635605,0.0,0.0077900716398635605,0.0,1.3011307937780852,0.0003645096096296374,1.3770208408608375
2020-09-03,-0.008982087775312508,0.0,-0.008982087775312508,0.0,1.2894439227812085,-0.0055310951721209145,1.3694044075360423
2020-09-04,-0.005387059771317482,0.0,-0.005387059771317482,0.0,1.282497611297424,-0.009731176154923249,1.3560784920189808
2020-09-07,-0.03328983897326465,0.0,-0.03328983897326465,0.0,1.2398034723337361,-0.021141796634494114,1.327408556320304
2020-09-08,0.0035692082619958043,0.0,0.0035692082619958043,0.0,1.2442285891304408,0.005358541027393748,1.33452152952946
2020-09-09,-0.0480010593711907,0.0,-0.0480010593711907,0.0,1.1845042987522576,-0.023389625359125588,1.3033075709200785
2020-09-10,-0.015996300223984017,0.0,-0.015996300223984017,0.0,1.165556612372817,-0.0005695167004065027,1.3025653154926733
2020-09-11,0.02158128513095492,0.0,0.02158128513095492,0.0,1.1907108219607045,0.009887651141057496,1.3154446269207063
2020-09-14,0.01418542326830452,0.0,0.01418542326830452,0.0,1.207601558960368,0.005136491543741739,1.322201397123145
2020-09-15,0.008766614022151176,0.0,0.008766614022151176,0.0,1.2181881357203215,0.008048073435444891,1.3328425710636398
2020-09-16,-0.015549751575436255,0.0,-0.015549751575436255,0.0,1.1992456128377267,-0.006638607839678623,1.3239943519223194
2020-09-17,0.0009867700015655512,0.0,0.0009867700015655512,0.0,1.200428992432984,-0.005291411997961126,1.316988552323325
2020-09-18,0.015156877060017004,0.0,0.015156877060017004,0.0,1.218623747090571,0.02252998997995559,1.3466602912108856
2020-09-21,-0.010347515987553457,0.0,-0.010347515987553457,0.0,1.206014018384739,-0.0096390420361534,1.3336797760554853
2020-09-22,-0.005322629172522908,0.0,-0.005322629172522908,0.0,1.1995948529880127,-0.01186568354027806,1.317854753888742
2020-09-23,0.017350904543220746,0.0,0.017350904543220746,0.0,1.2204089087727465,0.003573523311490856,1.3225641385729223
2020-09-24,-0.02462301217169227,0.0,-0.02462301217169227,0.0,1.1903587653575936,-0.019186312570032227,1.2971890096163468
2020-09-25,0.0017974121681412214,0.0,0.0017974121681412214,0.0,1.1924983306869008,0.0015244136289065402,1.2991664622218737
2020-09-28,-0.007549914856799567,0.0,-0.007549914856799567,0.0,1.183495069823339,0.0026010815702854906,1.302545700163492
2020-09-29,0.016711181693495947,0.0,0.016711181693495947,0.0,1.2032726709685135,0.0021584889616970138,1.3053572306794008
2020-09-30,0.004439062659091775,0.0,0.004439062659091775,0.0,1.2086140737509155,-0.0009591012150138578,1.3041052609734292
2020-10-09,0.03813018543878699,0.001,0.03713018543878699,1.0,1.2534901384332147,0.020435563102806586,1.3307553863267538
2020-10-12,0.030338116284042815,0.0,0.030338116284042815,0.0,1.2915186680139024,0.030338116284042815,1.3711279979827513
2020-10-13,0.003326243925660277,0.0,0.003326243925660277,0.0,1.2958145741382605,0.003326243925660277,1.3756887041573442
2020-10-14,-0.0066331198063481756,0.0,-0.0066331198063481756,0.0,1.2872192808211893,-0.0066331198063481756,1.3665635961664286
2020-10-15,-0.001740341686113589,0.0,-0.001740341686113589,0.0,1.284979079447607,-0.001740341686113589,1.364185308573295
2020-10-16,-0.0014712207547986633,0.0,-0.0014712207547986633,0.0,1.2830885915564416,-0.0014712207547986633,1.3621782908339304
2020-10-19,-0.007552263550373639,0.0,-0.007552263550373639,0.0,1.2733983683545296,-0.007552263550373639,1.351890761378955
2020-10-20,0.0079863517687353,0.0,0.0079863517687353,0.0,1.2835681756659425,0.0079863517687353,1.3626874365522308
2020-10-21,-0.00013330643561315636,0.0,-0.00013330643561315636,0.0,1.283397067767578,-0.00013330643561315636,1.3625057815472092
2020-10-22,-0.00309691897977582,0.0,-0.00309691897977582,0.0,1.2794224910298198,-0.00309691897977582,1.3582862115322814
2020-10-23,-0.012452320381918236,0.0,-0.012452320381918236,0.0,1.2634907122676846,-0.012452320381918236,1.3413723964559394
2020-10-26,-0.00577557895664893,0.0,-0.00577557895664893,0.0,1.25619332189799,-0.00577557895664893,1.3336251942699386
2020-10-27,0.0017144735417278234,0.0,0.0017144735417278234,0.0,1.2583470321116792,0.0017144735417278234,1.3359116593800962
2020-10-28,0.00808485727278585,0.0,0.00808485727278585,0.0,1.2685205882659358,0.00808485727278585,1.3467123144752347
2020-10-29,0.007525005952793151,0.0,0.007525005952793151,0.0,1.2780662132438776,0.007525005952793151,1.3568463326583606
2020-10-30,-0.016255457874843948,0.0,-0.016255457874843948,0.0,1.2572906617532305,-0.016255457874843948,1.3347901742551962
2020-11-02,0.005430284618729964,0.0,0.005430284618729964,0.0,1.2641181078950219,0.005430284618729964,1.3420384648076862
2020-11-03,0.012016952100170508,0.0,0.012016952100170508,0.0,1.2793089546465546,0.012016952100170508,1.3581656767558665
2020-11-04,0.007555110233024909,0.0,0.007555110233024909,0.0,1.2889742748210051,0.007555110233024909,1.3684267681584679
2020-11-05,0.01484443425122195,0.0,0.01484443425122195,0.0,1.308108368695102,0.01484443425122195,1.3887402893460083
2020-11-06,0.00012405038001173097,0.0,0.00012405038001173097,0.0,1.3082706400353352,0.00012405038001173097,1.3889125631066392
2020-11-09,0.01957378628893447,0.0,0.01957378628893447,0.0,1.3338784499514744,0.01957378628893447,1.4160988407909048
2020-11-10,-0.005515372338823821,0.0,-0.005515372338823821,0.0,1.326521613645259,-0.005515372338823821,1.4082885284153661
2020-11-11,-0.009886803787579668,0.0,-0.009886803787579668,0.0,1.3134065547311646,-0.009886803787579668,1.394365056058624
2020-11-12,0.0007268244925786593,0.0,0.0007268244925786593,0.0,1.3143611707838565,0.0007268244925786593,1.3953785147329634
2020-11-13,-0.010514900489216328,0.0,-0.010514900489216328,0.0,1.3005407938661744,-0.010514900489216328,1.3807062485057557
2020-11-16,0.009743144271874948,0.0,0.009743144271874948,0.0,1.3132121504522714,0.009743144271874948,1.3941586686820266
2020-11-17,-0.0019138806713956402,0.0,-0.0019138806713956402,0.0,1.3106988191000788,-0.0019138806713956402,1.3914904153531775
2020-11-18,-0.0006361871591527013,0.0,-0.0006361871591527013,0.0,1.3098649693418507,-0.0006361871591527013,1.3906051670188457
2020-11-19,0.007424250849198399,0.0,0.007424250849198399,0.0,1.319589735452822,0.007424250849198399,1.4009293686109852
2020-11-20,0.0031045117998436123,0.0,0.0031045117998436123,0.0,1.3236864173574878,0.0031045117998436123,1.4052785703665853
2020-11-23,0.0124894604562793,0.0,0.0124894604562793,0.0,1.340218546523588,0.0124894604562793,1.4228297415012354
2020-11-24,-0.006142024808257762,0.0,-0.006142024808257762,0.0,1.3319868909623531,-0.006142024808257762,1.4140906859310078
2020-11-25,-0.012782940104368756,0.0,-0.012782940104368756,0.0,1.314960182315377,-0.012782940104368756,1.396014449390606
2020-11-26,0.0018105361761053818,0.0,0.0018105361761053818,0.0,1.317340965295597,0.0018105361761053818,1.3985419840535935
2020-11-27,0.01243477354113387,0.0,0.01243477354113387,0.0,1.3337218018755064,0.01243477354113387,1.415932536913068
2020-11-30,-0.004118443652732062,0.0,-0.004118443652732062,0.0,1.328228943786062,-0.004118443652732062,1.4101010985437215
2020-12-01,0.02154043786485027,0.0,0.02154043786485027,0.0,1.3568395768199812,0.02154043786485027,1.4404752936400596
2020-12-02,9.2755261493771e-06,0.0,9.2755261493771e-06,0.0,1.3568521622209566,9.2755261493771e-06,1.4404886548063132
2020-12-03,-0.0019902726288669736,0.0,-0.0019902726288669736,0.0,1.3541516565010692,-0.0019902726288669736,1.4376216896644587
2020-12-04,0.0017512151329033276,0.0,0.0017512151329033276,0.0,1.35652306737418,0.0017512151329033276,1.4401392745227892
2020-12-07,-0.00862252749552117,0.0,-0.00862252749552117,0.0,1.3448264099274374,-0.00862252749552117,1.4277216340308365
2020-12-08,-0.002460259227216488,0.0,-0.002460259227216488,0.0,1.341517788343409,-0.002460259227216488,1.4242090687068156
2020-12-09,-0.01340950549903508,0.0,-0.01340950549903508,0.0,1.3235286981835648,-0.01340950549903508,1.405111129368216
2020-12-10,-0.0004398406619541273,0.0,-0.0004398406619541273,0.0,1.3229465564448404,-0.0004398406619541273,1.4044931043589555
2020-12-11,-0.010301739187636882,0.0,-0.010301739187636882,0.0,1.3093179060611633,-0.010301739187636882,1.3900243827070151
2020-12-14,0.009245282208527605,0.0,0.009245282208527605,0.0,1.321422919603377,0.009245282208527605,1.402875550401876
2020-12-15,0.0020801100746024037,0.0,0.0020801100746024037,0.0,1.3241716247312547,0.0020801100746024037,1.4057936859676803
2020-12-16,0.0017728660694424914,0.0,0.0017728660694424914,0.0,1.3265192036748592,0.0017728660694424914,1.408285969894169
2020-12-17,0.012840675779143718,0.0,0.012840675779143718,0.0,1.343552606684056,0.012840675779143718,1.426369313437897
2020-12-18,-0.0034898010514445854,0.0,-0.0034898010514445854,0.0,1.3388638753845787,-0.0034898010514445854,1.421391568308113
2020-12-21,0.00937445999654396,0.0,0.00937445999654396,0.0,1.3514150012251893,0.00937445999654396,1.4347163467046424
2020-12-22,-0.01626106633061475,0.0,-0.01626106633061475,0.0,1.3294395522500786,-0.01626106633061475,1.411386329025261
2020-12-23,0.008530299371189765,0.0,0.008530299371189765,0.0,1.3407800696266723,0.008530299371189765,1.423425876940251
2020-12-24,-0.0014197771015855842,0.0,-0.0014197771015855842,0.0,1.3388764607855541,-0.0014197771015855842,1.421404929474367
2020-12-25,0.008399774800675663,0.0,0.008399774800675663,0.0,1.3501227215420784,0.008399774800675663,1.433344410782522
2020-12-28,0.0044428674731962214,0.0,0.0044428674731962214,0.0,1.3561211378664408,0.0044428674731962214,1.4397125700430753
2020-12-29,-0.004241161121274706,0.0,-0.004241161121274706,0.0,1.350369609620783,-0.004241161121274706,1.4336065170651981
2020-12-30,0.014034483086836858,0.0,0.014034483086836858,0.0,1.3693213490679843,0.014034483086836858,1.4537264434821289
2020-12-31,0.019081641492841417,0.0,0.019081641492841417,0.0,1.3954502481393936,0.019081641492841417,1.4814659303053181
2021-01-04,0.010828223113321878,0.0,0.010828223113321878,0.0,1.4105604947697872,0.010828223113321878,1.4975075739334491
2021-01-05,0.019132952827011662,0.0,0.019132952827011662,0.0,1.4375486821758638,0.019132952827011662,1.5261593157036104
2021-01-06,0.009157670524661876,0.0,0.009157670524661876,0.0,1.4507132793703923,0.009157670524661876,1.5401353798849675
2021-01-07,0.017717770819474454,0.0,0.017717770819474454,0.0,1.4764166847790452,0.017717770819474454,1.5674231455767336
2021-01-08,-0.0033056100515502784,0.0,-0.0033056100515502784,0.0,1.471536226945563,-0.0033056100515502784,1.5622418558716826
2021-01-11,-0.009876022463024103,0.0,-0.009876022463024103,0.0,1.4570033021130948,-0.009876022463024103,1.5468131202104174
2021-01-12,0.028522421146380816,0.0,0.028522421146380816,0.0,1.498560563907632,0.028522421146380816,1.5909319754598064
2021-01-13,-0.0032846391212277837,0.0,-0.0032846391212277837,0.0,1.4936383332538918,-0.0032846391212277837,1.5857063380539989
2021-01-14,-0.019274929898344673,0.0,-0.019274929898344673,0.0,1.4648485590869427,-0.019274929898344673,1.555141959548647
2021-01-15,-0.0022621514550158484,0.0,-0.0022621514550158484,0.0,1.4615348497876264,-0.0022621514550158484,1.5516239929020978
2021-01-18,0.011073489015644755,0.0,0.011073489015644755,0.0,1.4777191398927316,0.011073489015644755,1.56880588414391
2021-01-19,-0.014677483332943608,0.0,-0.014677483332943608,0.0,1.4560299418461844,-0.014677483332943608,1.545779761926764
2021-01-20,0.0071560157078875974,0.0,0.0071560157078875974,0.0,1.4664493149811904,0.0071560157078875974,1.5568413861840467
2021-01-21,0.016166541950473512,0.0,0.016166541950473512,0.0,1.4901567293500768,0.016166541950473512,1.5820101277640244
2021-01-22,0.0008637963661612957,0.0,0.0008637963661612957,0.0,1.4914439213179003,0.0008637963661612957,1.5833766623636174
2021-01-25,0.01008065674454417,0.0,0.01008065674454417,0.0,1.506478655542443,0.01008065674454417,1.599338138994227
2021-01-26,-0.020077594378735686,0.0,-0.020077594378735686,0.0,1.4762321881562388,-0.020077594378735686,1.5672272765650588
2021-01-27,0.002727206107490554,0.0,0.002727206107490554,0.0,1.4802581775958525,0.002727206107490554,1.5715014283655329
2021-01-28,-0.027290144379443992,0.0,-0.027290144379443992,0.0,1.439861718210409,-0.027290144379443992,1.528614927492935
2021-01-29,-0.0046824122029114346,0.0,-0.0046824122029114346,0.0,1.4331196921305556,-0.0046824122029114346,1.5214573223028895
2021-02-01,0.01227268862931652,0.001,0.011272688629316518,1.0,1.4492748041884855,0.01227268862931652,1.5401296942823066
2021-02-02,0.006699281331378648,0.0,0.006699281331378648,0.0,1.4589839038282229,0.015402255739021653,1.563851165704904
2021-02-03,0.001127411857975824,0.0,0.001127411857975824,0.0,1.4606287795819946,-0.0028886991891791114,1.5593336701105354
2021-02-04,0.006858555794096999,0.0,0.006858555794096999,0.0,1.4706465835612215,-0.0020515200810324874,1.5561346657732735
2021-02-05,0.01029772060212264,0.0,0.01029772060212264,0.0,1.4857908911832012,0.0017292820465228953,1.5588256615127671
2021-02-08,0.01293986668284397,0.0,0.01293986668284397,0.0,1.5050168272336957,0.014798809646690891,1.5818944257498715
2021-02-09,0.016029703390211703,0.0,0.016029703390211703,0.0,1.5291418005715294,0.02186838784436218,1.6164879065810043
2021-02-10,0.019151098909439,0.0,0.019151098909439,0.0,1.5584265464408324,0.021361881732248955,1.6510191300629984
2021-02-18,-0.003526100966382506,0.0,-0.003526100966382506,0.0,1.5529313770893913,-0.006773399332853369,1.6398361181889016
2021-02-19,3.2882248667487346e-05,0.0,3.2882248667487346e-05,0.0,1.5529824409650963,0.0018135071175082729,1.6428099726607843
2021-02-22,-0.03302763811584941,0.0,-0.03302763811584941,0.0,1.5016910989046326,-0.03140923389149586,1.5912105699902
2021-02-23,0.004082570556237286,0.0,0.004082570556237286,0.0,1.5078218587695842,-0.0031559673151481116,1.5861887614397927
2021-02-24,-0.023666167570956853,0.0,-0.023666167570956853,0.0,1.4721374939927916,-0.02546746508932063,1.545792554532752
2021-02-25,0.011971445329252095,0.0,0.011971445329252095,0.0,1.4897611075192685,0.005883144817683261,1.5548866759891646
2021-02-26,-0.024452944914203467,0.0,-0.024452944914203467,0.0,1.453332061221777,-0.02427929276917795,1.5171351271599298
2021-03-01,0.008254233588688376,0.001,0.0072542335886883755,1.0,1.4638748714758099,0.015369434756399958,1.540452636513457
2021-03-02,-0.008493722450037655,0.0,-0.008493722450037655,0.0,1.4514411246159098,-0.012761903777674055,1.520793528192208
2021-03-03,0.014210840796551993,0.0,0.014210840796551993,0.0,1.472067323363395,0.019175718694563804,1.549955837081335
2021-03-04,-0.018814357819938232,0.0,-0.018814357819938232,0.0,1.4443713220065972,-0.03145640128146121,1.5011998043015615
2021-03-05,0.00023492687900894538,0.0,0.00023492687900894538,0.0,1.4447106436534063,-0.003391591957590534,1.496108347118556
2021-03-08,-0.02296979649866271,0.0,-0.02296979649866271,0.0,1.4115259341692354,-0.03472887795764845,1.4441501829200565
2021-03-09,-0.023720635911111287,0.0,-0.023720635911111287,0.0,1.3780436414057158,-0.021461705404993037,1.4131562571336593
2021-03-10,-0.007489845699158892,0.0,-0.007489845699158892,0.0,1.3677223071648799,0.0065606531001112245,1.4224274851129648
2021-03-11,0.025003402199346603,0.0,0.025003402199346603,0.0,1.4019200181079416,0.02490281020990448,1.4578499268120846
2021-03-12,0.0013756406674656496,0.0,0.0013756406674656496,0.0,1.403848556297385,0.003541777491431697,1.463013306868753
2021-03-15,-0.007795730893966568,0.0,-0.007795730893966568,0.0,1.3929045307366072,-0.021536501683999565,1.4315051183216603
2021-03-16,0.003461684984722657,0.0,0.003461684984722657,0.0,1.3977263274358103,0.008701741063130486,1.4439617051918414
2021-03-17,0.004860986911895848,0.0,0.004860986911895848,0.0,1.404520656819888,0.004232027565666652,1.4500725909319803
2021-03-18,0.007790233462841245,0.0,0.007790233462841245,0.0,1.415462200639898,0.008020219343490842,1.4617024911752388
2021-03-19,-0.010719723245162127,0.0,-0.010719723245162127,0.0,1.4002888375850502,-0.026192741485030036,1.4234164956958613
2021-03-22,0.015965257640170982,0.0,0.015965257640170982,0.0,1.422644809647751,0.009998020806891494,1.437647843436701
2021-03-23,-0.013721729510416836,0.0,-0.013721729510416836,0.0,1.4031236623803662,-0.009472920726922962,1.4240291193825934
2021-03-24,-0.012320460280291656,0.0,-0.012320460280291656,0.0,1.3858365330296716,-0.016082460314386537,1.401127227583592
2021-03-25,0.0024196814870192096,0.0,0.0024196814870192096,0.0,1.3891898160326783,-0.0004743658805544948,1.4004625806325104
2021-03-26,0.01532901755560423,0.0,0.01532901755560423,0.0,1.4104847311107098,0.022662431209169887,1.4322004675271112
2021-03-29,0.0005036954192669807,0.0,0.0005036954192669807,0.0,1.4111951858087164,0.0017639971496570261,1.4347268650695664
2021-03-30,0.004063346380614563,0.0,0.004063346380614563,0.0,1.416929360659313,0.0094815070785359,1.448330237996489
2021-03-31,-0.004185907206897044,0.0,-0.004185907206897044,0.0,1.4109982258368652,-0.009101171033827349,1.4351487367870193
2021-04-01,0.009209043071152001,0.001,0.008209043071152,1.0,1.422581171046079,0.012363616627257823,1.4528923655717474
2021-04-02,0.009522001870124086,0.0,0.009522001870124086,0.0,1.436126991617183,0.00993586689460324,1.4673281107282534
2021-04-06,-0.006097992570153976,0.0,-0.006097992570153976,0.0,1.427369499892504,-0.004110193881419866,1.4612971077055028
2021-04-07,-0.010081483647215839,0.0,-0.010081483647215839,0.0,1.412979497620803,-0.007119954275415785,1.4508927391158424
2021-04-08,0.004093895436492412,0.0,0.004093895436492412,0.0,1.4187640879379702,0.0016587825836840153,1.4532994547222813
2021-04-09,-0.016491852729204837,0.0,-0.016491852729204837,0.0,1.3953660395422125,-0.015036943912112966,1.431446272334118
2021-04-12,-0.010542068819112349,0.0,-0.010542068819112349,0.0,1.3806559947255062,-0.017395260734286544,1.4065458911997435
2021-04-13,-0.0044882681226839916,0.0,-0.0044882681226839916,0.0,1.374459240435987,-0.0016375133242489959,1.4042426535617363
2021-04-14,0.002228540046263605,0.0,0.002228540046263605,0.0,1.3775222778952556,0.008296954193459882,1.4158935905348407
2021-04-15,-0.010861378201663552,0.0,-0.010861378201663552,0.0,1.3625604874538182,-0.006355423452624742,1.4068949872031344
2021-04-16,0.0048407500758416155,0.0,0.0048407500758416155,0.0,1.369156302236799,0.003476882279033866,1.4117865954526025
2021-04-19,0.01893533373703349,0.0,0.01893533373703349,0.0,1.3950817337578154,0.024331775261513977,1.4461378696103733
2021-04-20,-0.0009310083267040081,0.0,-0.0009310083267040081,0.0,1.3937829010472542,-0.0007179059948099198,1.4450996785644583
2021-04-21,0.0017019341766844054,0.0,0.0017019341766844054,0.0,1.396155027801425,0.0030255549227726775,1.4494719070108362
2021-04-22,-0.008154209581189065,0.0,-0.008154209581189065,0.0,1.3847704870969013,-0.0018633997189504425,1.4467709614666857
2021-04-23,0.010493409611154636,0.0,0.010493409611154636,0.0,1.3993014510354471,0.00907973757988434,1.4599072621350002
2021-04-26,-0.015993373480642226,0.0,-0.015993373480642226,0.0,1.3769219003170325,-0.011336098295515629,1.4433576099091008
2021-04-27,0.0024918814151670965,0.0,0.0024918814151670965,0.0,1.3803530264105692,0.002616186717303126,1.4471337029164633
2021-04-28,-0.000938641119212269,0.0,-0.000938641119212269,0.0,1.3790573703009512,0.005642252657881652,1.4552987968980537
2021-04-29,0.01271825625914369,0.0,0.01271825625914369,0.0,1.3965965753324996,0.008776103962266246,1.468070650435792
2021-04-30,-0.007398477770732992,0.0,-0.007398477770732992,0.0,1.3862638866152204,-0.007877356453671491,1.456506134623136
2021-05-06,-0.011815175808349565,0.001,-0.012815175808349566,1.0,1.3684986711914804,-0.012172369258526716,1.4387770041251937
2021-05-07,-0.006919954528566752,0.0,-0.006919954528566752,0.0,1.3590287226144313,-0.012857025435456637,1.420278611587206
2021-05-10,0.004895845924930864,0.0,0.004895845924930864,0.0,1.3656823178479072,-0.0007267737151708253,1.419246390424085
2021-05-11,-0.0030815346647943276,0.0,-0.0030815346647943276,0.0,1.3614739204443622,0.006136901087288038,1.4279561651406083
2021-05-12,0.008675909280583705,0.0,0.008675909280583705,0.0,1.3732859446660182,0.004277870461431688,1.4340647766396826
2021-05-13,-0.011213519552214724,0.0,-0.011213519552214724,0.0,1.357886575874724,-0.010223710826024357,1.4194033130575312
2021-05-14,0.013476725598448258,0.0,0.013476725598448258,0.0,1.3761864406516042,0.023556301314607175,1.4528392051868662
2021-05-17,0.008019854718284591,0.0,0.008019854718284591,0.0,1.3872232559709032,0.014557027662168043,1.4739882256854535
2021-05-18,0.0032621683332978435,0.0,0.0032621683332978435,0.0,1.3917486117477458,0.0005045337643214687,1.4747319025135242
2021-05-19,-0.0023049885303637607,0.0,-0.0023049885303637607,0.0,1.3885406471605175,-0.0029549304196678783,1.4703741723539323
2021-05-20,-0.005418272042636563,0.0,-0.005418272042636563,0.0,1.381017156191943,0.002733808276131011,1.4743938934353227
2021-05-21,-0.0031833745602761754,0.0,-0.0031833745602761754,0.0,1.3766208613096167,-0.01007710147207741,1.4595362765613638
2021-05-24,0.002490554337529094,0.0,0.002490554337529094,0.0,1.3800494103668843,0.00417596064624548,1.4656312426140516
2021-05-25,0.011544558613057587,0.0,0.011544558613057587,0.0,1.3959814716737804,0.031594844273824974,1.5119376334872952
2021-05-26,0.0012894900668023457,0.0,0.0012894900668023457,0.0,1.397781575914944,0.00039767016052327797,1.5125388859687052
2021-05-27,0.00862948305627742,0.0,0.00862948305627742,0.0,1.4098437083406787,0.003315419916539497,1.5175535875157864
2021-05-28,-0.0025780038756065826,0.0,-0.0025780038756065826,0.0,1.406209125796577,-0.003211549589536511,1.5126798889147004
2021-05-31,0.009121093193484864,0.0,0.009121093193484864,0.0,1.4190352902824965,0.001969709583883983,1.5156594289892442
2021-06-01,0.0016006857491710491,0.0,0.0016006857491710491,0.0,1.4213067198492226,0.0018962519483005646,1.5185335011344252
2021-06-02,-0.008655053398027968,0.0,-0.008655053398027968,0.0,1.4090052342939516,-0.009679726228452479,1.5038345125747106
2021-06-03,-0.0020509085706067465,0.0,-0.0020509085706067465,0.0,1.4061154933829083,-0.0065573101115431465,1.4939734033193168
2021-06-04,0.0037990463315380474,0.0,0.0037990463315380474,0.0,1.4114573912897634,0.005135971667383998,1.50164640839059
2021-06-07,0.004249926453637087,0.0,0.004249926453637087,0.0,1.4174559813951875,-0.00088030218786328,1.5003245057718868
2021-06-08,-0.005495646657547759,0.0,-0.005495646657547759,0.0,1.4096661441688119,-0.008623193719450084,1.4873869169165777
2021-06-09,0.0012479499407813677,0.0,0.0012479499407813677,0.0,1.4114253369499488,0.0008279631361454154,1.4886184184529696
2021-06-10,0.010868075970001057,0.0,0.010868075970001057,0.0,1.426764814737905,0.0066871652908298,1.4985730558721382
2021-06-11,-0.005872168266612965,0.0,-0.005872168266612965,0.0,1.4183866116688812,-0.008870966824029547,1.4852792640101118
2021-06-15,-0.009255692348178579,0.0,-0.009255692348178579,0.0,1.4052584615604986,-0.011128479456152807,1.4687503642339255
2021-06-16,-0.01461298607282302,0.0,-0.01461298607282302,0.0,1.3847234392329983,-0.01665886005388506,1.4442826574620597
2021-06-17,0.007597597789678945,0.0,0.007597597789678945,0.0,1.3952440109742317,0.004212388133351563,1.4503665365895584
2021-06-18,0.0062861103713416355,0.0,0.0062861103713416355,0.0,1.404014668822169,0.00011250728161238399,1.4505297133859316
2021-06-21,0.007421710952806526,0.0,0.007421710952806526,0.0,1.4144348598676677,-0.002367678687128949,1.4470953250985006
2021-06-22,0.004863149558025581,0.0,0.004863149558025581,0.0,1.4213134681312891,0.006241767567679135,1.4561277577660405
2021-06-23,0.007441176985528042,0.0,0.007441176985528042,0.0,1.4318897131995687,0.004926829668276511,1.4633018512038032
2021-06-24,-0.005166462295870922,0.0,-0.005166462295870922,0.0,1.4244919089844776,0.0016668628824605403,1.4657409747454107
2021-06-25,0.008667529452101697,0.0,0.008667529452101697,0.0,1.4368387345598812,0.01629061744686844,1.489618800241188
2021-06-28,0.0022165099610855776,0.0,0.0022165099610855776,0.0,1.4400235019275067,0.0022503954222621303,1.4929710315701665
2021-06-29,-0.009240075003119186,0.0,-0.009240075003119186,0.0,1.4267175767634421,-0.011656092433774634,1.4755688232252369
2021-06-30,0.006320819697816171,0.0,0.006320819697816171,0.0,1.435735601325869,0.006453272247904707,1.4850910705620297
2021-07-01,-0.013442206239168364,0.0,-0.013442206239168364,0.0,1.4164361472679303,0.0010763698064391036,1.486689577750195
2021-07-02,-0.008727693173964601,0.0,-0.008727693173964601,0.0,1.4040739271740632,-0.02840469292099823,1.4444606168253522
2021-07-05,0.007955638629657757,0.0,0.007955638629657757,0.0,1.4152442319479845,0.0009200732830989544,1.445789626447382
2021-07-06,-0.00022589730851407808,0.0,-0.00022589730851407808,0.0,1.4149245320850974,-0.0005285312494101024,1.4450254814497316
2021-07-07,0.008142785048896428,0.0,0.008142785048896428,0.0,1.4264459584102767,0.011289558505983566,1.4613391811651955
2021-07-08,-0.0022882462967900308,0.0,-0.0022882462967900308,0.0,1.4231818987283733,-0.010161093592245152,1.446490376975361
2021-07-09,0.008280910534159691,0.0,0.008280910534159691,0.0,1.4349671407055784,-0.0036989090763300814,1.4411399405911427
2021-07-12,0.014672999890220417,0.0,0.014672999890220417,0.0,1.4560224134036213,0.012481270105787035,1.4591271974498987
2021-07-13,0.008323120012768692,0.0,0.008323120012768692,0.0,1.4681410626916607,0.0018294432822900664,1.4617965878992802
2021-07-14,-0.00906339810923762,0.0,-0.00906339810923762,0.0,1.454834715759967,-0.011476636291911202,1.4450200801272035
2021-07-15,0.004878564957419895,0.0,0.004878564957419895,0.0,1.4619322214231116,0.013452067002617474,1.4644585870652023
2021-07-16,-0.0010505732064740592,0.0,-0.0010505732064740592,0.0,1.4603963546016034,-0.011004640817569578,1.4483427463223442
2021-07-19,-0.005167417242986083,0.0,-0.005167417242986083,0.0,1.4528498772972411,0.0036747466472009105,1.45366503897339
2021-07-20,0.0017119206518827479,0.0,0.0017119206518827479,0.0,1.4553370410062716,-0.000880219888745426,1.4523854940945118
2021-07-21,0.012086422923079931,0.0,0.012086422923079931,0.0,1.4729268599794971,0.006860254680275624,1.462349228477938
2021-07-22,0.006014138078058506,0.0,0.006014138078058506,0.0,1.481785245494295,0.0014986266638907786,1.464540744023655
2021-07-23,-0.0058062650393905235,0.0,-0.0058062650393905235,0.0,1.4731816076274968,-0.012136453773396005,1.446766412984557
2021-07-26,-0.016826110295959595,0.0,-0.016826110295959595,0.0,1.4483936914115776,-0.032210975810083586,1.40016465505307
2021-07-27,-0.021687028361259353,0.0,-0.021687028361259353,0.0,1.4169823363476657,-0.03532496199723101,1.3507038918234542
2021-07-28,-0.014476453940734046,0.0,-0.014476453940734046,0.0,1.396469456820695,0.0019299928251412801,1.3533107406435638
2021-07-29,0.02067386138748417,0.0,0.02067386138748417,0.0,1.4253398728028615,0.018861951612892947,1.378836822350791
2021-07-30,0.001247098819672443,0.0,0.001247098819672443,0.0,1.4271174124758659,-0.008062429449876451,1.3677200477476958
2021-08-02,0.01546905745202376,0.0,0.01546905745202376,0.0,1.4491935737202386,0.025475300186856842,1.4025631265356506
2021-08-03,-0.008147409778812564,0.0,-0.008147409778812564,0.0,1.437386399826318,0.00014633940689168234,1.402768376791716
2021-08-04,0.016919867060073646,0.0,0.016919867060073646,0.0,1.4617067866253373,0.008995922145856872,1.4153875718980045
2021-08-05,-0.0028144642224149363,0.0,-0.0028144642224149363,0.0,1.457592865170719,-0.006061241475939783,1.4068085660426866
2021-08-06,0.0039119891420926756,0.0,0.0039119891420926756,0.0,1.4632949526328587,-0.005477229235330006,1.3991031530362448
2021-08-09,0.005859457191000006,0.0,0.005859457191000006,0.0,1.4718690667656174,0.013003587273560546,1.4172965129914654
2021-08-10,0.005688351902407129,0.0,0.005688351902407129,0.0,1.4802415759716478,0.011550350481981608,1.4336667844534072
2021-08-11,0.007735038668070127,0.0,0.007735038668070127,0.0,1.4916913017998736,-0.005513817956562028,1.4257618067935616
2021-08-12,0.003064951236456226,0.0,0.003064951236456226,0.0,1.496263262899736,-0.00837231207210054,1.4138248840066039
2021-08-13,-0.000889897144577434,0.0,-0.000889897144577434,0.0,1.4949317424945454,-0.00550292951372211,1.4060447053251692
2021-08-16,-0.005134796882106163,0.0,-0.005134796882106163,0.0,1.4872555716442228,-0.0009937357245263234,1.4046474684712065
2021-08-17,-0.022415351858804944,0.0,-0.022415351858804944,0.0,1.4539182147018495,-0.020980281995714334,1.3751775684781142
2021-08-18,0.006759685101134005,0.0,0.006759685101134005,0.0,1.463746243996037,0.011749072797945459,1.3913346298402651
2021-08-19,0.0008713431824312057,0.0,0.0008713431824312057,0.0,1.465021669306552,-0.006558528620798643,1.3822095218493495
2021-08-20,-0.0038910007346997233,0.0,-0.0038910007346997233,0.0,1.4593212689149293,-0.019100852526017897,1.3558081416124474
2021-08-23,0.015106881839299646,0.0,0.015106881839299646,0.0,1.481367062890004,0.013966503874389025,1.3747440412752059
2021-08-24,0.009426491177745522,0.0,0.009426491177745522,0.0,1.4953311564393394,0.010858834734871481,1.3896721596221626
2021-08-25,0.008775054711878116,0.0,0.008775054711878116,0.0,1.5084527691494707,0.001997999341296408,1.3924487236817056
2021-08-26,-0.004775615951004619,0.0,-0.004775615951004619,0.0,1.5012489780437834,-0.019711087251796933,1.3650020453955622
2021-08-27,0.008606032102965067,0.0,0.008606032102965067,0.0,1.5141687749433717,0.0052969744100361815,1.3722324262996697
2021-08-30,0.006514246510742172,0.0,0.006514246510742172,0.0,1.5240324436022212,-0.0028532996287787826,1.3683170360271106
2021-08-31,0.003938074538922809,0.0,0.003938074538922809,0.0,1.5300341969648634,-0.0015914336822993036,1.3661394502079132
2021-09-01,-0.008578782364773385,0.0,-0.008578782364773385,0.0,1.516908366578441,0.013286346582431774,1.3842904524233084
2021-09-02,0.015835731464876046,0.0,0.015835731464876046,0.0,1.5409297201284011,-9.85735787073505e-06,1.3842768069769218
2021-09-03,-0.003876689337140471,0.0,-0.003876689337140471,0.0,1.5349560143130965,-0.00541112672559374,1.3767863097510693
2021-09-06,0.010540371256825276,0.0,0.010540371256825276,0.0,1.5511350205668533,0.018720388052021475,1.40256028373432
2021-09-07,0.019512872241771895,0.0,0.019512872241771895,0.0,1.5814021200529125,0.011979384343597577,1.4193620924382389
2021-09-08,0.0060161948524362074,0.0,0.0060161948524362074,0.0,1.5909161433472065,-0.004145345254163546,1.4134783465244103
2021-09-09,0.009730859097929034,0.0,0.009730859097929034,0.0,1.6063971241747388,-0.0004261753308237859,1.412875956922468
2021-09-10,-0.0012833689379819768,0.0,-0.0012833689379819768,0.0,1.6043355240035093,0.008754303057155077,1.4252447012315352
2021-09-13,0.00539888993680715,0.0,0.00539888993680715,0.0,1.612997154919314,-0.004360607173958808,1.4190297689626983
2021-09-14,-0.012045370039645675,0.0,-0.012045370039645675,0.0,1.5935680073154153,-0.014924494056085424,1.3978514676104061
2021-09-15,0.004723013581740876,0.0,0.004723013581740876,0.0,1.6010944506573936,-0.010136538108770798,1.383682092938572
2021-09-16,-0.01914714712499721,0.0,-0.01914714712499721,0.0,1.57043805964964,-0.012249248508265032,1.3667330271257312
2021-09-17,-0.006898139973022577,0.0,-0.006898139973022577,0.0,1.5596049580952147,0.010034324119360116,1.380447269304545
2021-09-22,0.007850651032071276,0.0,0.007850651032071276,0.0,1.5718488723691084,-0.0070371544953190535,1.3707328485978076
2021-09-23,0.006602693320364228,0.0,0.006602693320364228,0.0,1.582227308419322,0.006517941136944039,1.3796672046194438
2021-09-24,-0.016321155232039475,0.0,-0.016321155232039475,0.0,1.556403530906238,-0.0007763955958094426,1.3785960370780945
2021-09-27,-0.028425892202898928,0.0,-0.028425892202898928,0.0,1.512161371912486,0.00576191666316106,1.3865393925559026
2021-09-28,0.003947652843071525,0.0,0.003947652843071525,0.0,1.5181308600514993,0.0013240742449311949,1.3883752736551684
2021-09-29,-0.026209292895842173,0.0,-0.026209292895842173,0.0,1.4783417236861929,-0.01021739504339636,1.3741896950157502
2021-09-30,0.013321837734313391,0.0,0.013321837734313391,0.0,1.4980359522450055,0.006714001532501124,1.383416006734033
2021-10-08,-0.00172757280525615,0.001,-0.00272757280525615,1.0,1.4939499501203661,0.01306062428707322,1.4014842834307095
2021-10-11,-0.005497821139078485,0.0,-0.005497821139078485,0.0,1.485736480503869,0.0012679664929053924,1.4032613185424332
2021-10-12,-0.023882833543944937,0.0,-0.023882833543944937,0.0,1.4502528834498285,-0.010606354047816513,1.3883778321763662
2021-10-13,0.011221516679052579,0.0,0.011221516679052579,0.0,1.4665269203703049,0.011522088063135483,1.4043748438236074
2021-10-14,0.007255915228806531,0.0,0.007255915228806531,0.0,1.4771679153852746,-0.0053636468345131805,1.396842273138063
2021-10-15,0.0011112391371912445,0.0,0.0011112391371912445,0.0,1.478809402185054,0.0037642369808605913,1.4021003184790386
2021-10-18,0.010776673365156642,0.0,0.010776673365156642,0.0,1.494746048081725,-0.01162444131393725,1.3858016856106263
2021-10-19,0.01001786630982493,0.0,0.01001786630982493,0.0,1.5097202141585468,0.009835941146001614,1.3994323494303222
2021-10-20,0.0025993945939895013,0.0,0.0025993945939895013,0.0,1.5136445727216672,-0.00254696435285906,1.3958680451220855
2021-10-21,-0.0026619043827783573,0.0,-0.0026619043827783573,0.0,1.5096153955995708,0.0036314314022789507,1.4009370441745796
2021-10-22,-0.00866964819510374,0.0,-0.00866964819510374,0.0,1.4965275612098101,0.006434435277807626,1.409951282913604
2021-10-25,0.012622469560653604,0.0,0.012622469560653604,0.0,1.5154174347978602,0.0039919551991289826,1.4155797452679495
2021-10-26,-0.0031442946333113397,0.0,-0.0031442946333113397,0.0,1.5106525158903987,-0.003298708872574996,1.4109101598023968
2021-10-27,-0.010007472675989115,0.0,-0.010007472675989115,0.0,1.4955347021147114,-0.01308336043334224,1.3924507136426374
2021-10-28,-0.022290169456138487,0.0,-0.022290169456138487,0.0,1.462198980177039,-0.00694668451280922,1.382777797835326
2021-10-29,0.016160760587964784,0.0,0.016160760587964784,0.0,1.4858292278276464,0.009175726511049032,1.3954657887338136
2021-11-01,0.009519715164099551,0.001,0.00851971516409955,1.0,1.4984880696312322,-0.003684222320459063,1.3903245825275234
2021-11-02,-0.010714999923520985,0.0,-0.010714999923520985,0.0,1.4824317700797365,-0.010395067357640286,1.3758720648431668
2021-11-03,0.004689123992498212,0.0,0.004689123992498212,0.0,1.4893830764600589,-0.0038707843183438673,1.3705463608305244
2021-11-04,0.007979362352080743,0.0,0.007979362352080743,0.0,1.5012674037081903,0.009879463493069673,1.384086623567909
2021-11-05,-0.011584070461185703,0.0,-0.011584070461185703,0.0,1.4838766163225534,-0.005421523670796402,1.376582765175803
2021-11-08,0.005014940127930689,0.0,0.005014940127930689,0.0,1.4913181687106474,0.0012047879271743778,1.3782412554720431
2021-11-09,0.007795961048371991,0.0,0.007795961048371991,0.0,1.502944427064645,-0.0002961936231742346,1.3778330292009766
2021-11-10,-0.0027426821095450915,0.0,-0.0027426821095450915,0.0,1.4988223282728943,-0.0052717865849731815,1.3705693875213019
2021-11-11,0.008145752443492027,0.0,0.008145752443492027,0.0,1.5110313639157837,0.016066562778134008,1.3925897266277016
2021-11-12,0.00516218088026732,0.0,0.00516218088026732,0.0,1.518831581132074,-0.002098127791456239,1.3896678954201676
2021-11-15,-0.008160284760402758,0.0,-0.008160284760402758,0.0,1.5064374829269436,-0.001226788043061422,1.3879630674622399
2021-11-16,-0.007364388755310536,0.0,-0.007364388755310536,0.0,1.495343491667098,0.00019314358699795697,1.3882311436277102
2021-11-17,0.008316137849050165,0.0,0.008316137849050165,0.0,1.5077789742754817,0.0004982265142923215,1.3889227971914317
2021-11-18,-0.002794131184395754,0.0,-0.002794131184395754,0.0,1.5035660420242822,-0.009852112898029675,1.3752389729868546
2021-11-19,0.012024955809596616,0.0,0.012024955809596616,0.0,1.5216463572364343,0.01083983670479216,1.3901463388840982
2021-11-22,0.011882771752258936,0.0,0.011882771752258936,0.0,1.539727733587131,0.004568657467866499,1.3964974413366684
2021-11-23,0.000869046959410813,0.0,0.000869046959410813,0.0,1.5410658292923256,0.00019277750036161834,1.3967666546226707
2021-11-24,-0.000725344318207255,0.0,-0.000725344318207255,0.0,1.539948025949065,0.0006740823870332591,1.3977081904233473
2021-11-25,-0.003110481205361726,0.0,-0.003110481205361726,0.0,1.5351580465571166,-0.004111736061365279,1.391961183253518
2021-11-26,-0.0018911896827308317,0.0,-0.0018911896827308317,0.0,1.5322547714981065,-0.007416609856708112,1.3816375502216447
2021-11-29,0.00028199984985866067,0.0,0.00028199984985866067,0.0,1.5326868671136142,-0.0017908997028268647,1.3791631759435383
2021-11-30,0.004272699503648392,0.0,0.004272699503648392,0.0,1.539235577529979,-0.0039982083607221774,1.3736489942026806
2021-12-01,0.0027688788605158,0.0,0.0027688788605158,0.0,1.5434975343819557,0.0024472136532378563,1.37701060677605
2021-12-02,-0.005891648609751665,0.0,-0.005891648609751665,0.0,1.5344037892793592,0.0025417792578672493,1.3805106637742164
2021-12-03,0.009948702542798227,0.0,0.009948702542798227,0.0,1.549669116159442,0.009236716312858606,1.393262049142375
2021-12-06,-0.008417104713734802,0.0,-0.008417104713734802,0.0,1.5366253889370871,-0.0017133175189317784,1.3908749488651166
2021-12-07,-0.004644735082983686,0.0,-0.004644735082983686,0.0,1.5294881710836876,0.006025604681008323,1.3992558114676954
2021-12-08,0.013343599526338012,0.0,0.013343599526338012,0.0,1.5498970487188994,0.014999282826727356,1.4202436451308413
2021-12-09,0.002372589532152025,0.0,0.002372589532152025,0.0,1.5535743182326032,0.016565484304223554,1.4437706689424294
2021-12-10,-0.0018676784259918922,0.0,-0.0018676784259918922,0.0,1.550672740995265,-0.0046415512661728275,1.4370693333659366
2021-12-13,0.006348329999838587,0.0,0.006348329999838587,0.0,1.5605169232768572,0.005674250467397668,1.445223624702471
2021-12-14,-0.003930079990142832,0.0,-0.003930079990142832,0.0,1.5543839669424075,-0.006708759843274903,1.4355279664845149
2021-12-15,-0.0013481459170662236,0.0,-0.0013481459170662236,0.0,1.552288430543821,-0.008672999062319442,1.4230776337772613
2021-12-16,0.00912436926283311,0.0,0.00912436926283311,0.0,1.5664520833865265,0.005759804582553318,1.4312742828536207
2021-12-17,-0.009001087522457984,0.0,-0.009001087522457984,0.0,1.5523523110842277,-0.015884062945157762,1.4085398320529883
2021-12-20,-0.016212458439058608,0.0,-0.016212458439058608,0.0,1.5271848637579981,-0.0150041576181289,1.3874058784014525
2021-12-21,0.01104715095512443,0.0,0.01104715095512443,0.0,1.544055905484314,0.006775444234489836,1.3968061695611649
2021-12-22,0.0037104142303971965,0.0,0.0037104142303971965,0.0,1.5497849924885518,0.00019721236556136112,1.3970816370100947
2021-12-23,0.004755518788660762,0.0,0.004755518788660762,0.0,1.5571550241387155,0.006976359937441723,1.4068281813718675
2021-12-24,-0.007964084342915956,0.0,-0.007964084342915956,0.0,1.5447537101914794,-0.005535551581928089,1.3990406114069733
2021-12-27,-0.0008252783854824086,0.0,-0.0008252783854824086,0.0,1.5434788583435646,-0.0004106600939378646,1.39846608125807
2021-12-28,0.0018266820427874642,0.0,0.0018266820427874642,0.0,1.5462983034575228,0.007448177839068926,1.408882105333186
2021-12-29,-0.005251142116547758,0.0,-0.005251142116547758,0.0,1.5381784713114908,-0.01462561067836654,1.3882763441688653
2021-12-30,0.008717987067477395,0.0,0.008717987067477395,0.0,1.5515882913318566,0.007787684192420263,1.39908780190906
2021-12-31,0.006625942420694475,0.0,0.006625942420694475,0.0,1.5618690260108452,0.0038325628043907045,1.4044498937787335
2022-01-04,-0.0006720654748850752,0.001,-0.0016720654748850752,1.0,1.5592574787361602,-0.004576172689794711,1.3980228885306383
2022-01-05,-0.025227143248685913,0.0,-0.025227143248685913,0.0,1.5199218669584982,-0.010095033007880727,1.3839098013251487
2022-01-06,0.008075250607902262,0.0,0.008075250607902262,0.0,1.5321956169386188,-0.010247898572754988,1.369727634047327
2022-01-07,-0.020628421099731176,0.0,-0.020628421099731176,0.0,1.5005888405452465,0.0008586136989667814,1.3709037009577734
2022-01-10,0.006702073503614736,0.0,0.006702073503614736,0.0,1.5106458972532848,0.004494886227080608,1.3770657571218623
2022-01-11,-0.011312630532465784,0.0,-0.011312630532465784,0.0,1.4935565183522732,-0.009552140824455546,1.3639118310852987
2022-01-12,0.017371038696074148,0.0,0.017371038696074148,0.0,1.5195011464273442,0.009963995803053516,1.3775018428459676
2022-01-13,-0.017319440109703432,0.0,-0.017319440109703432,0.0,1.4931842373251702,-0.016439727842637586,1.354856087446848
2022-01-14,0.004000634680861648,0.0,0.004000634680861648,0.0,1.4991579219699294,-0.008222338650740846,1.3437160018728422
2022-01-17,0.01729102085097911,0.0,0.01729102085097911,0.0,1.525079892857622,0.008577596529695253,1.3552418555874026
2022-01-18,-0.006337148438170459,0.0,-0.006337148438170459,0.0,1.515415235196514,0.00966400938397527,1.3683389255973553
2022-01-19,-0.01204082434922249,0.0,-0.01204082434922249,0.0,1.4971683865333771,-0.006849495787442761,1.3589664938906822
2022-01-20,-0.02251413370975397,0.0,-0.02251413370975397,0.0,1.4634609372929481,0.009022508261899098,1.371227780309455
2022-01-21,-0.0138624591430756,0.0,-0.0138624591430756,0.0,1.4431737698422376,-0.009162416821446695,1.3586640198291127
2022-01-24,0.004961330369545935,0.0,0.004961330369545935,0.0,1.450333831695088,0.0015533610053659608,1.3607745155369089
2022-01-25,-0.03936972031951946,0.0,-0.03936972031951946,0.0,1.3932345943713154,-0.022622295183066243,1.3299906727688389
2022-01-26,0.005322115342827338,0.0,0.005322115342827338,0.0,1.4006495495821767,0.007237438203371083,1.3396163980740632
2022-01-27,-0.029412654725005427,0.0,-0.029412654725005427,0.0,1.3594527279895818,-0.019615428608171115,1.3133392482553061
2022-01-28,0.0018534189833208092,0.0,0.0018534189833208092,0.0,1.361972363482565,-0.012144262715219623,1.2973897113902846
2022-02-07,0.012707568180742479,0.001,0.011707568180742478,1.0,1.3779177477883238,0.015407868754179654,1.3173797217864092
2022-02-08,0.009822347022711453,0.0,0.009822347022711453,0.0,1.3914521340758537,-0.005463208526377383,1.310182601657869
2022-02-09,0.014955818523115338,0.0,0.014955818523115338,0.0,1.4122624396766936,0.009392521610415594,1.3224885200575311
2022-02-10,-0.00037147303379048147,0.0,-0.00037147303379048147,0.0,1.4117378222637185,-0.002622063640180028,1.3190208709945328
2022-02-11,-0.013955297029377256,0.0,-0.013955297029377256,0.0,1.392036601626422,-0.0082907620332755,1.3080851828361932
2022-02-14,-0.0073132430662959935,0.0,-0.0073132430662959935,0.0,1.3818562996015473,-0.010802593561300533,1.2939544702624544
2022-02-15,0.009645300503487553,0.0,0.009645300503487553,0.0,1.3951847188638415,0.01063671323693538,1.3077178929042867
2022-02-16,0.0017389817400998986,0.0,0.0017389817400998986,0.0,1.397610919614012,0.0038881738082821027,1.312802527364099
2022-02-17,-0.0004791765664495795,0.0,-0.0004791765664495795,0.0,1.396941217212319,0.002420101043982603,1.3159796421311158
2022-02-18,0.009785059040841704,0.0,0.009785059040841704,0.0,1.4106103694993268,0.004767814497862899,1.322253988947761
2022-02-21,0.004695083644207676,0.0,0.004695083644207676,0.0,1.417233303173513,-0.0036381727351610937,1.3174434005362132
2022-02-22,-0.011992084592171492,0.0,-0.011992084592171492,0.0,1.4002377215150135,-0.012981640864214272,1.300340823451523
2022-02-23,0.015131260315395023,0.0,0.015131260315395023,0.0,1.4214250829826927,0.010689192075560072,1.3142404162770882
2022-02-24,-0.017793009403806126,0.0,-0.017793009403806126,0.0,1.3961336531143758,-0.02027407465249631,1.2875954079661587
2022-02-25,0.008064449370542626,0.0,0.008064449370542626,0.0,1.4073927022744275,0.009737887748688001,1.3001338675146592
2022-02-28,0.004967716514765019,0.0,0.004967716514765019,0.0,1.414384230244276,0.0017975587224015044,1.3024709344884997
2022-03-01,0.003025838033253514,0.001,0.002025838033253514,1.0,1.4172495436115389,0.008302692962310898,1.3132849507498918
2022-03-02,-0.005902694796126595,0.0,-0.005902694796126595,0.0,1.4088839521056502,-0.00889346159024662,1.3016053014833486
2022-03-03,-0.0032672071461467,0.0,-0.0032672071461467,0.0,1.4042808363892392,-0.005891100796946436,1.2939374134544703
2022-03-04,-0.011206329556560979,0.0,-0.011206329556560979,0.0,1.3885440025466982,-0.012127089472162345,1.2782457186701297
2022-03-07,-0.028639797386478927,0.0,-0.028639797386478927,0.0,1.3487763836515503,-0.03194801208959108,1.2374083089965884
2022-03-08,-0.013955133264933584,0.0,-0.013955133264933584,0.0,1.3299540294730978,-0.020076144476010582,1.212565921009357
2022-03-09,-0.008859375063924202,0.0,-0.008859375063924202,0.0,1.3181714679082184,-0.009153908750686668,1.201466203214245
2022-03-10,0.009040726092451212,0.0,0.009040726092451212,0.0,1.3300886950924609,0.015732502734040477,1.2203682735411703
2022-03-11,0.0007578079272232419,0.0,0.0007578079272232419,0.0,1.331096646849512,0.0031878685354229663,1.2242586471620207
2022-03-14,-0.028547691100268335,0.0,-0.028547691100268335,0.0,1.2930969109506492,-0.03059638381041596,1.1868007597102308
2022-03-15,-0.05225470803965249,0.0,-0.05225470803965249,0.0,1.2255265094019465,-0.04573822003574812,1.1325186054240113
2022-03-16,0.04620932029969804,0.0,0.04620932029969804,0.0,1.282157256410672,0.04324225139138105,1.1814912596651728
2022-03-17,0.01749412076739465,0.0,0.01749412076739465,0.0,1.3045874702971116,0.01963749022215877,1.2046927827244136
2022-03-18,0.0125002650128474,0.0,0.0125002650128474,0.0,1.3208951594082656,0.006655975322439334,1.212711188157348
2022-03-21,-0.007235379833412603,0.0,-0.007235379833412603,0.0,1.3113379812098307,-0.0016774881373271544,1.21067687952521
2022-03-22,0.002994702478158695,0.0,0.002994702478158695,0.0,1.3152650483118633,-0.0008103324311898863,1.209695828786039
2022-03-23,0.005426149212897968,0.0,0.005426149212897968,0.0,1.322401872718513,0.004987198302350393,1.215728821769721
2022-03-24,-0.004420011877217411,0.0,-0.004420011877217411,0.0,1.3165568407346426,-0.005895218001004121,1.2085618353352847
2022-03-25,-0.01625179904925489,0.0,-0.01625179904925489,0.0,1.2951604235221013,-0.018049041870898064,1.1867484521657488
2022-03-28,-0.0011363843233577198,0.0,-0.0011363843233577198,0.0,1.2936886235205773,-0.006254051311582742,1.1793264664519627
2022-03-29,-0.0038655087547867506,0.0,-0.0038655087547867506,0.0,1.2886878588203905,-0.0034523604628795557,1.1752550063863565
2022-03-30,0.02580367770489489,0.0,0.02580367770489489,0.0,1.321940744991603,0.029015680150473733,1.209355829746906
2022-03-31,-0.005716018331046069,0.0,-0.005716018331046069,0.0,1.3143845074606744,-0.00740509329942729,1.200400436995424
2022-04-01,0.015322754797976845,0.0,0.015322754797976845,0.0,1.334524498978754,0.012684374094899642,1.215626765201955
2022-04-06,-0.004092762951355855,0.0,-0.004092762951355855,0.0,1.3290626065516569,-0.002880389358859037,1.2121252868031231
2022-04-07,-0.00979667699009068,0.0,-0.00979667699009068,0.0,1.3160422094956623,-0.012838424322107689,1.1965635080395882
2022-04-08,0.00792735321011473,0.0,0.00792735321011473,0.0,1.3264749409297543,0.005147656268560841,1.2027230056824794
2022-04-11,-0.027041956375869813,0.0,-0.027041956375869813,0.0,1.2906044634434473,-0.030892034470345497,1.1655684451326587
2022-04-12,0.01682066343917521,0.0,0.01682066343917521,0.0,1.3123132867561267,0.019488203859934217,1.1882832806041104
2022-04-13,-0.004138884646772922,0.0,-0.004138884646772922,0.0,1.3068817734418157,-0.009625899497436863,1.1768449851705307
2022-04-14,0.016069575499110256,0.0,0.016069575499110256,0.0,1.32788280876855,0.012520360592955582,1.1915795087468772
2022-04-15,0.0006767748094991255,0.0,0.0006767748094991255,0.0,1.3287814864034915,-0.000673017830081668,1.1907775544915307
2022-04-18,-0.014624077571045668,0.0,-0.014624077571045668,0.0,1.3093492828713575,-0.005338828055263423,1.1844201978760334
2022-04-19,-0.009056969146257532,0.0,-0.009056969146257532,0.0,1.2974905468147173,-0.007556192612106827,1.1754704907272124
2022-04-20,-0.009161064549598197,0.0,-0.009161064549598197,0.0,1.2856041521628543,-0.015505325156436545,1.157244438556691
2022-04-21,-0.013339789909683097,0.0,-0.013339789909683097,0.0,1.2684544628659855,-0.01841387504977543,1.1359350840630604
2022-04-22,0.005933093097515663,0.0,0.005933093097515663,0.0,1.2759803212841285,0.00435954482548051,1.1408872439808693
2022-04-25,-0.04644921853207051,0.0,-0.04644921853207051,0.0,1.2167120324981806,-0.049420544446520887,1.084503975231244
2022-04-26,-0.0008887934879946435,0.0,-0.0008887934879946435,0.0,1.2156306267669315,-0.008071743706868362,1.0757501370940974
2022-04-27,0.01995950806929292,0.0,0.01995950806929292,0.0,1.2398940160711656,0.02944304091836414,1.1074234923984947
2022-04-28,0.012862126719667577,0.0,0.012862126719667577,0.0,1.2558416900248304,0.0065641801282287915,1.1146928196808306
2022-04-29,0.01286198709468711,0.0,0.01286198709468711,0.0,1.2719943096348998,0.02426202600439109,1.141737525858835
2022-05-05,-0.0015709348185029004,0.0,-0.0015709348185029004,0.0,1.2699960894849567,-0.0015016529137569234,1.1400230323763834
2022-05-06,-0.028978956624748475,0.0,-0.028978956624748475,0.0,1.233192927894172,-0.025284212048745536,1.111198448285325
2022-05-09,-0.009055207424475964,0.0,-0.009055207424475964,0.0,1.2220261101376935,-0.00802775265649558,1.1022780219902086
2022-05-10,0.008622208996736047,0.0,0.008622208996736047,0.0,1.232562674658769,0.010943314086937717,1.1143405965959758
2022-05-11,0.008409816025847894,0.0,0.008409816025847894,0.0,1.2429282999929763,0.014427781751834567,1.1304180595208717
2022-05-12,-0.007099727421830737,0.0,-0.007099727421830737,0.0,1.2341038478581468,-0.004446961502838076,1.1253911339280696
2022-05-13,0.009724186834302762,0.0,0.009724186834302762,0.0,1.2461045042476513,0.007542804023502381,1.1338797387010762
2022-05-16,-0.01012685587160067,0.0,-0.01012685587160067,0.0,1.2334853835321828,-0.008038409466980867,1.1247651490750836
2022-05-17,0.01335609464175569,0.0,0.01335609464175569,0.0,1.249959931053861,0.012474289391382065,1.1387957950419871
2022-05-18,-0.004067122760942232,0.0,-0.004067122760942232,0.0,1.244876190568006,-0.0034913563592436914,1.1348198531010874
2022-05-19,-0.0003580367783536653,0.0,-0.0003580367783536653,0.0,1.2444304791072858,0.0019266480907496053,1.1370062516044093
2022-05-20,0.023099275107531403,0.0,0.023099275107531403,0.0,1.273175921096382,0.01950245999722977,1.1591806705429244
2022-05-23,-0.009043634092157249,0.0,-0.009043634092157249,0.0,1.2616617839310411,-0.0057921326270354845,1.1524665423604439
2022-05-24,-0.017378316564529928,0.0,-0.017378316564529928,0.0,1.239736226052518,-0.023391322408436888,1.1255088259031543
2022-05-25,0.0033739400890646642,0.0,0.0033739400890646642,0.0,1.2439190218054623,0.006067963004217525,1.132338371819655
2022-05-26,0.0005398377279137723,0.0,0.0005398377279137723,0.0,1.2445905362239025,0.0024771677288839555,1.1351433638925035
2022-05-27,0.006621011053962622,0.0,0.006621011053962622,0.0,1.2528309839218983,0.0020670941599705284,1.137489812110735
2022-05-30,0.0055659063535078435,0.0,0.0055659063535078435,0.0,1.2598041238551807,0.006927500294279465,1.1453697731188721
2022-05-31,0.012513447240926734,0.0,0.012513447240926734,0.0,1.2755686162929445,0.015512464823934868,1.163137281434777
2022-06-01,-0.005385645411892903,0.0,-0.005385645411892903,0.0,1.2686988560270518,-0.002038607675684201,1.1607661008449695
2022-06-02,-0.0027704830618843213,0.0,-0.0027704830618843213,0.0,1.2651839473357969,0.001565202782049413,1.1625829351753207
2022-06-06,0.012663440269847559,0.0,0.012663440269847559,0.0,1.2812055286832538,0.018710289204140862,1.18433519811625
2022-06-07,0.007488185908309353,0.0,0.007488185908309353,0.0,1.2907994338687878,0.0031309970871933324,1.1880433481718125
2022-06-08,0.011416638272311985,0.0,0.011416638272311985,0.0,1.3055360240873728,0.009734803591848973,1.1996087168248677
2022-06-09,-0.003781112912082163,0.0,-0.003781112912082163,0.0,1.3005996449695076,-0.01045947070627784,1.1870614445922425
2022-06-10,0.010861364986487487,0.0,0.010861364986487487,0.0,1.3147259324148175,0.015163775916468447,1.2050617783371187
2022-06-13,-0.018918263651378386,0.0,-0.018918263651378386,0.0,1.2898536005960897,-0.011710561515302809,1.1909498282521616
2022-06-14,0.013350680065974618,0.0,0.013350680065974618,0.0,1.3070740233495934,0.00786708591994989,1.2003191328773708
2022-06-15,0.014321974896477352,0.0,0.014321974896477352,0.0,1.325793904699844,0.013240853172587386,1.2162123822760476
2022-06-16,-0.01116762067162358,0.0,-0.01116762067162358,0.0,1.3109879412834053,-0.00658147855018143,1.2082079065696327
2022-06-17,0.015517053541011183,0.0,0.015517053541011183,0.0,1.33133061135992,0.013878153748852151,1.2249756016575848
2022-06-20,-0.003843403037940174,0.0,-0.003843403037940174,0.0,1.3262137712437165,0.004963746018838533,1.2310560694234869
2022-06-21,0.0005333488323591151,0.0,0.0005333488323591151,0.0,1.326921105810068,-0.0011239060851421234,1.2296724780159107
2022-06-22,-0.011682655754790217,0.0,-0.011682655754790217,0.0,1.3114191433171234,-0.01270192155200045,1.2140532746654986
2022-06-23,0.015073543902643038,0.0,0.015073543902643038,0.0,1.3311868773486806,0.0171532350198087,1.2348782158124043
2022-06-24,0.013239969031463517,0.0,0.013239969031463517,0.0,1.3488117503798678,0.011716259066207657,1.2493463689040787
2022-06-27,0.013175543255005362,0.0,0.013175543255005362,0.0,1.3665830779398571,0.011261562602109976,1.2634159612492109
2022-06-28,0.008449050879444586,0.0,0.008449050879444586,0.0,1.3781294078963588,0.010407347538309963,1.2765647702433793
2022-06-29,-0.009928561863754681,0.0,-0.009928561863754681,0.0,1.3644465648138002,-0.015401344655860294,1.256903956241332
2022-06-30,0.016337037041960212,0.0,0.016337037041960212,0.0,1.3867375788849385,0.014396937410844801,1.2749995238307816
2022-07-01,-0.004292770267310009,0.0,-0.004292770267310009,0.0,1.3807846330377398,-0.004078696796953385,1.269799187356816
2022-07-04,0.001603470826386788,0.0,0.001603470826386788,0.0,1.382998680914339,0.006562312642078627,1.2781320066169088
2022-07-05,0.0006422630741025337,0.0,0.0006422630741025337,0.0,1.383886929898623,-0.001443940543101374,1.2762864599931192
2022-07-06,-0.018145801381404536,0.0,-0.018145801381404536,0.0,1.3587751925343607,-0.014604620787261213,1.2576467802290037
2022-07-07,-0.0025094035895150135,0.0,-0.0025094035895150135,0.0,1.355365477188871,0.00440870982398156,1.2631913799440981
2022-07-08,0.0013709316982959407,0.0,0.0013709316982959407,0.0,1.3572235906843253,-0.003306647006373842,1.2590144519491286
2022-07-11,-0.017041358284118013,0.0,-0.017041358284118013,0.0,1.3340946572038166,-0.016745917217401263,1.2379311001612767
2022-07-12,-0.006896314986663432,0.0,-0.006896314986663432,0.0,1.3248943202257144,-0.009415064516580807,1.2262758989861764
2022-07-13,-0.002638599181041812,0.0,-0.002638599181041812,0.0,1.3213984551573998,0.001818427130079625,1.2285057923498557
2022-07-14,-0.006518214525296884,0.0,-0.006518214525296884,0.0,1.312785296553288,0.00014161873921358925,1.228679771791285
2022-07-15,-0.019308886577863005,0.0,-0.019308886577863005,0.0,1.2874368741610542,-0.0170165989753992,1.2077718208455277
2022-07-18,0.013821611231129127,0.0,0.013821611231129127,0.0,1.3052313261203283,0.010370417794214326,1.2202969192277748
2022-07-19,-0.004528528933291032,0.0,-0.004528528933291032,0.0,1.2993205482953547,-0.005415383640537397,1.2136885432547906
2022-07-20,0.0029574927161926112,0.0,0.0029574927161926112,0.0,1.3031632793529375,0.0033876430548982484,1.2178000868191572
2022-07-21,-0.013018435825332575,0.0,-0.013018435825332575,0.0,1.2861981318307514,-0.011145470508331035,1.2042271318664712
2022-07-22,0.004150653126808956,0.0,0.004150653126808956,0.0,1.2915366941283306,0.0005136851289573308,1.2048457254359979
2022-07-25,-0.003923556646524551,0.0,-0.003923556646524551,0.0,1.286469276747853,-0.0060378921975521305,1.1975709968311339
2022-07-26,0.006125275794252261,0.0,0.006125275794252261,0.0,1.2943492558687657,0.007912370473270425,1.2070466222261056
2022-07-27,-0.008658537909697173,0.0,-0.008658537909697173,0.0,1.2831420837684377,-0.004931728299924387,1.201093796239945
2022-07-28,-0.000994727063148737,0.0,-0.000994727063148737,0.0,1.2818657076118483,0.0001507679461192346,1.2012748826847006
2022-07-29,-0.012301621410155228,0.0,-0.012301621410155228,0.0,1.2660966809781466,-0.013150804617394707,1.1854771514107303
2022-08-01,-0.003812946110576698,0.001,-0.004812946110576698,1.0,1.260003025881819,0.0044545672983538065,1.1907579391623502
2022-08-02,-0.03098299912512492,0.0,-0.03098299912512492,0.0,1.2209643532332677,-0.019493978768480025,1.1675453291779203
2022-08-03,-0.005937353675246615,0.0,-0.005937353675246615,0.0,1.213715056043253,-0.009751343064954177,1.1561601941292217
2022-08-04,0.006309683706176461,0.0,0.006309683706176461,0.0,1.2213732141563103,0.008498208127662554,1.1659854840878505
2022-08-05,0.01863292909858072,0.0,0.01863292909858072,0.0,1.2441309746585905,0.013500792507784132,1.1817272121756088
2022-08-08,0.012144141546907683,0.0,0.012144141546907683,0.0,1.2592398773177367,-0.00212561683423107,1.1792153129199394
2022-08-09,0.00436044344390174,0.0,0.00436044344390174,0.0,1.2647307215850865,0.0019806777842734657,1.181550958493115
2022-08-10,0.0006491942443567211,0.0,0.0006491942443567211,0.0,1.2655517774902005,-0.0112008519134007,1.168316581178897
2022-08-11,0.011426808512113418,0.0,0.011426808512113418,0.0,1.2800129953137458,0.020392059151230324,1.1921409620096601
2022-08-12,-0.00900008581824685,0.0,-0.00900008581824685,0.0,1.268492768507451,-0.000570162270900676,1.191461248211527
2022-08-15,0.007562076046831789,0.0,0.007562076046831789,0.0,1.2780852072877604,-0.0013058462208004329,1.1899053830433197
2022-08-16,0.005645637399601888,0.0,0.005645637399601888,0.0,1.285300812933902,-0.001873531152293273,1.1876760582399066
2022-08-17,0.0005534758117144989,0.0,0.0005534758117144989,0.0,1.286012195844638,0.00936417576846571,1.1987976656052637
2022-08-18,0.0031060189060121424,0.0,0.0031060189060121424,0.0,1.2900065740382936,-0.008740658849184846,1.188319384181009
2022-08-19,-0.01591960864250075,0.0,-0.01591960864250075,0.0,1.2694701742333507,-0.006943853017870594,1.1800678690389694
2022-08-22,0.00748810717674786,0.0,0.00748810717674786,0.0,1.2789761029556947,0.007304856526286985,1.1886880955135803
2022-08-23,0.0023933341172082123,0.0,0.0023933341172082123,0.0,1.2820371200979925,-0.0048584241104108195,1.1829129446105788
2022-08-24,-0.036491956428813976,0.0,-0.036491956428813976,0.0,1.2352530773712544,-0.018904217701069204,1.1605509007842476
2022-08-25,-0.0032820932436099515,0.0,-0.0032820932436099515,0.0,1.2311988615918659,0.008284301958152218,1.17016525488415
2022-08-26,-0.005148863233729983,0.0,-0.005148863233729983,0.0,1.2248595870400052,-0.002112121742172346,1.1676937234073745
2022-08-29,0.005893114504210484,0.0,0.005893114504210484,0.0,1.232077824838012,-0.004388264915353379,1.1625695740090676
2022-08-30,-0.006351089503889185,0.0,-0.006351089503889185,0.0,1.2242527882967087,-0.0033566278300075636,1.1586672606226287
2022-08-31,-0.03239042633488898,0.0,-0.03239042633488898,0.0,1.1845987185421016,0.0007473390460852603,1.1595331779079125
2022-09-01,-0.004983599583038512,0.0,-0.004983599583038512,0.0,1.1786951528623073,-0.008605387806337239,1.1495549452377003
2022-09-02,0.008891783656637564,0.0,0.008891783656637564,0.0,1.1891758551586862,-0.004977322973287124,1.1438332389997128
2022-09-05,0.0021049674132156415,0.0,0.0021049674132156415,0.0,1.191679031582378,-0.0020347384303609495,1.141505837550396
2022-09-06,0.01892979803542638,0.0,0.01892979803542638,0.0,1.2142372749732848,0.009178104639457896,1.1519826975739855
2022-09-07,0.006340497765348285,0.0,0.006340497765348285,0.0,1.2219361437018554,0.0006670318931565333,1.1527511067736318
2022-09-08,-0.009538279490832191,0.0,-0.009538279490832191,0.0,1.2102809752432775,-0.00426610913042047,1.1478333447519224
2022-09-09,0.002389265053428069,0.0,0.002389265053428069,0.0,1.213172657282255,0.013894846649712855,1.1637823130566773
2022-09-13,-0.0013742520335703334,0.0,-0.0013742520335703334,0.0,1.211505452290913,0.004232755636773389,1.1687083192022452
2022-09-14,-0.010793620813669857,0.0,-0.010793620813669857,0.0,1.1984289218251913,-0.011129827309622753,1.1557007974342046
2022-09-15,-0.03080272544723972,0.0,-0.03080272544723972,0.0,1.1615140447781784,-0.009406303354759005,1.1448299251462015
2022-09-16,-0.020840166370834967,0.0,-0.020840166370834967,0.0,1.1373078988429397,-0.023450014762414595,1.117983646501069
2022-09-19,-0.012565951845046941,0.0,-0.012565951845046941,0.0,1.1230165425530878,-0.001190790104363848,1.116652362637975
2022-09-20,0.012864462504381002,0.0,0.012864462504381002,0.0,1.1374635467565617,0.001231160896130401,1.1180271413614264
2022-09-21,-0.0002358792193494219,0.0,-0.0002358792193494219,0.0,1.1371952427431142,-0.00739949491918801,1.1097543052094083
2022-09-22,0.0010296882913036765,0.0,0.0010296882913036765,0.0,1.1383661993694931,-0.00880976808108136,1.0999776271535318
2022-09-23,-0.019051296576759857,0.0,-0.019051296576759857,0.0,1.116678847292346,-0.003443219315728885,1.096190162940847
2022-09-26,-0.012585634358965758,0.0,-0.012585634358965758,0.0,1.1026247356239331,-0.005016570189840808,1.0906910480470413
2022-09-27,0.02008134517942195,0.0,0.02008134517942195,0.0,1.1247669235433662,0.014496398836805868,1.106502140487265
2022-09-28,-0.030994374842428063,0.0,-0.030994374842428063,0.0,1.0899054759046984,-0.016336120463633974,1.0884261882269963
2022-09-29,0.0028449025769794467,0.0,0.0028449025769794467,0.0,1.0930061508017637,-0.00040927623141995273,1.0879807212585
2022-09-30,-0.016683044943479386,0.0,-0.016683044943479386,0.0,1.0747714800644383,-0.00581582658395563,1.0816532140569737
2022-10-10,-0.022916917012361315,0.001,-0.023916917012361316,1.0,1.0490662597684843,-0.022063216102457872,1.0577884654473166
2022-10-11,0.0018140592006798961,0.0,0.0018140592006798961,0.0,1.0509693280691401,0.0018140592006798961,1.0597073563454344
2022-10-12,0.01518877523783524,0.0,0.01518877523783524,0.0,1.066932264975041,0.01518877523783524,1.0758030131988459
2022-10-13,-0.008358996339091096,0.0,-0.008358996339091096,0.0,1.0580137820780564,-0.008358996339091096,1.0668103797499335
2022-10-14,0.02392881021074844,0.0,0.02392881021074844,0.0,1.0833307930697584,0.02392881021074844,1.092337882857826
2022-10-17,0.0010259026095194024,0.0,0.0010259026095194024,0.0,1.0844421849573413,0.0010259026095194024,1.0934585151423268
2022-10-18,-0.0021175578695158404,0.0,-0.0021175578695158404,0.0,1.08214581587455,-0.0021175578695158404,1.0911430534585982
2022-10-19,-0.01608356062775196,0.0,-0.01608356062775196,0.0,1.0647410580368637,-0.01608356062775196,1.0735935880047465
2022-10-20,-0.005721383681439152,0.0,-0.005721383681439152,0.0,1.0586492659224533,-0.005721383681439152,1.0674511471698385
2022-10-21,-0.003204855913310767,0.0,-0.003204855913310767,0.0,1.0552564475624397,-0.003204855913310767,1.0640301200486608
2022-10-24,-0.029260788379470104,0.0,-0.029260788379470104,0.0,1.0243788119642439,-0.029260788379470104,1.0328957598765347
2022-10-25,-0.0016290647836045835,0.0,-0.0016290647836045835,0.0,1.0227100325166023,-0.0016290647836045835,1.0312131057689853
2022-10-26,0.00811836621498152,0.0,0.00811836621498152,0.0,1.0310127670923077,0.00811836621498152,1.0395848714073064
2022-10-27,-0.007043665090378348,0.0,-0.007043665090378348,0.0,1.0237506584570053,-0.007043665090378348,1.0322623837400893
2022-10-28,-0.024734622274792173,0.0,-0.024734622274792173,0.0,0.9984285726165015,-0.024734622274792173,1.0067297635898016
2022-10-31,-0.009213205208212671,0.0,-0.009213205208212671,0.0,0.9892298452912428,-0.009213205208212671,0.9974545556886333
2022-11-01,0.03575965249837321,0.001,0.034759652498373206,1.0,1.023615130954586,0.03575965249837321,1.033123183982978
2022-11-02,0.00953671388259325,0.0,0.00953671388259325,0.0,1.033377055584393,0.012006032734269922,1.0455268947484109
2022-11-03,-0.00018089954256594876,0.0,-0.00018089954256594876,0.0,1.0331901181477396,-0.008132024400423599,1.0370246445290177
2022-11-04,0.02280313618163521,0.0,0.02280313618163521,0.0,1.0567500931133824,0.03269774338475018,1.0709330102394892
2022-11-07,0.0012955160893608486,0.0,0.0012955160893608486,0.0,1.0581191298614443,0.002155992222288461,1.0732419334801575
2022-11-08,-0.0011647164355931272,0.0,-0.0011647164355931272,0.0,1.0568867211200792,-0.006879458755165491,1.0658586098644667
2022-11-09,-0.0021888555026070566,0.0,-0.0021888555026070566,0.0,1.0545733488049231,-0.009349682942929705,1.055893169800242
2022-11-10,-0.005086565888378858,0.0,-0.005086565888378858,0.0,1.0492091919820985,-0.007694917170803395,1.0477681593174122
2022-11-11,0.008034228315211278,0.0,0.008034228315211278,0.0,1.0576387781809011,0.027878098233464543,1.0769779429887594
2022-11-14,-0.0014837208552214154,0.0,-0.0014837208552214154,0.0,1.0560695374684232,0.0014723742417390717,1.0785636575709372
2022-11-15,0.01743547978444626,0.0,0.01743547978444626,0.0,1.0744826165399235,0.018965650391129074,1.099019318825005
2022-11-16,-0.005206061717815902,0.0,-0.005206061717815902,0.0,1.0688887937234963,-0.008169482818426332,1.0900408993827455
2022-11-17,0.002141872626600261,0.0,0.002141872626600261,0.0,1.0711782173716524,-0.0041013042491764296,1.0855703100103309
2022-11-18,-0.0041106896105242985,0.0,-0.0041106896105242985,0.0,1.0667749362024828,-0.004476696561939053,1.0807105411357645
2022-11-21,-0.00031316379742518663,0.0,-0.00031316379742518663,0.0,1.0664408609124636,-0.008533844841432603,1.0714879250592113
2022-11-22,-0.010389664522193254,0.0,-0.010389664522193254,0.0,1.0553608981348241,0.00011832978830383922,1.0716147139985537
2022-11-23,-0.0015990792438045354,0.0,-0.0015990792438045354,0.0,1.0536732924278938,0.0010494557341109712,1.0727393262049172
2022-11-24,0.0007294454105521986,0.0,0.0007294454105521986,0.0,1.0544418895752767,-0.004431130647200576,1.0679858781001133
2022-11-25,-0.005262524946626268,0.0,-0.005262524946626268,0.0,1.0488928628266192,0.005048967101858759,1.0733781036638905
2022-11-28,-0.005350813808269961,0.0,-0.005350813808269961,0.0,1.0432804324128107,-0.011264969108336853,1.0612865324845515
2022-11-29,0.017924345084392446,0.0,0.017924345084392446,0.0,1.0619805509031721,0.03085254049965136,1.0940299182097657
2022-11-30,-0.0012450069526678265,0.0,-0.0012450069526678265,0.0,1.0606583777336998,0.0011991928120147488,1.0953418710238119
2022-12-01,0.004865868212698521,0.0,0.004865868212698521,0.0,1.0658194016184466,0.010830936738993158,1.1072054495364412
2022-12-02,-0.0029241354248604745,0.0,-0.0029241354248604745,0.0,1.0627028013496704,-0.006116152203121672,1.1004336124869505
2022-12-05,0.0076379540704598625,0.0,0.0076379540704598625,0.0,1.0708196765369282,0.01961483336898362,1.1220184344295108
2022-12-06,-0.000622996419701316,0.0,-0.000622996419701316,0.0,1.0701525597123,0.0054022472456696224,1.1280798554264981
2022-12-07,-0.00116675349832851,0.0,-0.00116675349832851,0.0,1.0689039554695106,-0.0024587986788965344,1.1253061341682857
2022-12-08,-0.002856380676675818,0.0,-0.002856380676675818,0.0,1.0658507588658852,0.00018668965888335443,1.1255162171866129
2022-12-09,0.000972635591899973,0.0,0.000972635591899973,0.0,1.0668874432496118,0.009866689567031628,1.136621336304253
2022-12-12,-0.006054615239149408,0.0,-0.006054615239149408,0.0,1.0604278502772555,-0.011205169069221421,1.1238853020632795
2022-12-13,-0.005385544864186631,0.0,-0.005385544864186631,0.0,1.0547168685143544,-0.0019633519441155656,1.1216787196705107
2022-12-14,-0.00412894406780373,0.0,-0.00412894406780373,0.0,1.0503620015568895,0.0023329306145123407,1.124295518295277
2022-12-15,0.0009010256240336023,0.0,0.0009010256240336023,0.0,1.0513084046348036,-0.0007325116324465863,1.123471958749818
2022-12-16,-0.004755256536552066,0.0,-0.004755256536552066,0.0,1.0463091634717319,0.0005662971227904379,1.1241081776875939
2022-12-19,-0.022458599839976667,0.0,-0.022458599839976667,0.0,1.0228105246604196,-0.015428046998819167,1.1067653838904727
2022-12-20,-0.009844899540552343,0.0,-0.009844899540552343,0.0,1.012741057796118,-0.016491229241802685,1.0885134622278432
2022-12-21,-0.005477344369228421,0.0,-0.005477344369228421,0.0,1.007193926265712,0.00039722988955137595,1.0889458523102191
2022-12-22,-0.01142334670752776,0.0,-0.01142334670752776,0.0,0.9956884008442626,0.0014332190412937873,1.090506550240688
2022-12-23,-0.0027184370596167184,0.0,-0.0027184370596167184,0.0,0.992981684595577,-0.0020356994265943174,1.0882866066816659
2022-12-26,0.013865209550146806,0.0,0.013865209550146806,0.0,1.0067495837319524,0.003988800013792204,1.0926275643134076
2022-12-27,0.00725725520155196,0.0,0.00725725520155196,0.0,1.0140558223851515,0.011542897612039527,1.1052396524163695
2022-12-28,-0.0040037977036399,0.0,-0.0040037977036399,0.0,1.009995748012123,-0.004267135545727663,1.1005234450089958
2022-12-29,-0.0008009079344813985,0.0,-0.0008009079344813985,0.0,1.0091868344037478,-0.0037618204286765655,1.0963834734313234
2022-12-30,0.0012061661466977736,0.0,0.0012061661466977736,0.0,1.0104040813990987,0.0038719620732849958,1.1006286286582259
2023-01-03,0.015590504644326542,0.0,0.015590504644326542,0.0,1.0261567909227978,0.0042010685927440505,1.1052524450223569
2023-01-04,-0.0005780825289625202,0.0,-0.0005780825289625202,0.0,1.0255635876099891,0.0012986448464840095,1.106687775414149
2023-01-05,0.009745560402482756,0.0,0.009745560402482756,0.0,1.0355582794996292,0.019427436482583493,1.1281878818770592
2023-01-06,0.0003911511657002098,0.0,0.0003911511657002098,0.0,1.035963339327806,0.003102118693395939,1.131687654595093
2023-01-09,0.004524336770713955,0.0,0.004524336770713955,0.0,1.0406503863570384,0.00809643273148275,1.1408502875635715
2023-01-10,0.0013705254900686636,0.0,0.0013705254900686636,0.0,1.0420766242377906,0.0010849413922335849,1.1420880432628908
2023-01-11,-0.00564456408142644,0.0,-0.00564456408142644,0.0,1.0361945559545238,-0.0018526566693400914,1.1399721462325663
2023-01-12,0.00018789000686214585,0.0,0.00018789000686214585,0.0,1.0363892465567526,0.001954598355972781,1.1422003339154472
2023-01-13,0.007049206463465296,0.0,0.007049206463465296,0.0,1.0436949683322463,0.014064171828399585,1.1582644356740894
2023-01-16,0.01130579478315985,0.0,0.01130579478315985,0.0,1.055494769460427,0.015606557763309548,1.1763409564946243
2023-01-17,0.0010548177109477308,0.0,0.0010548177109477308,0.0,1.0566081240370666,-0.00017448194329383604,1.1761357062385591
2023-01-18,0.003068336486135914,0.0,0.003068336486135914,0.0,1.059850153295597,-0.0016745455064025583,1.1741662134767576
2023-01-19,0.008594713186601766,0.0,0.008594713186601766,0.0,1.0689592613839487,0.006220834541877274,1.1814705072154592
2023-01-20,0.007592766724379141,0.0,0.007592766724379141,0.0,1.0770756196935016,0.006140267294961976,1.1887250519308765
2023-01-30,0.005101709463780635,0.0,0.005101709463780635,0.0,1.0825705465756994,0.004739416964185672,1.1943589156077503
2023-01-31,0.0009267383346434066,0.0,0.0009267383346434066,0.0,1.083573806201167,-0.010588751935392104,1.181712145328556
2023-02-01,0.012204351939451241,0.0,0.012204351939451241,0.0,1.0967981222844168,0.009400128654863726,1.1928203915276594
2023-02-02,0.0006654199206554967,0.0,0.0006654199206554967,0.0,1.0975279536039224,-0.003523411837128898,1.188617594040582
2023-02-03,-0.004152969298481746,0.0,-0.004152969298481746,0.0,1.09296995370838,-0.009451229793532967,1.1773836960226682
2023-02-06,-0.006518449998943798,0.0,-0.006518449998943798,0.0,1.085845483714784,-0.013220392347750742,1.1618182216174036
2023-02-07,0.002364679122896618,0.0,0.002364679122896618,0.0,1.088413159860816,0.0017999069216159125,1.1639093862761523
2023-02-08,-0.0077505390805285845,0.0,-0.0077505390805285845,0.0,1.079977371129553,-0.004419141651405334,1.1587659058287978
2023-02-09,0.01376550745372418,0.0,0.01376550745372418,0.0,1.0948438076816904,0.01342348068921062,1.1743205775890062
2023-02-10,-0.0031961290172319856,0.0,-0.0031961290172319856,0.0,1.0913445456186222,-0.005942350461417445,1.1673423531629181
2023-02-13,0.007826654196896543,0.0,0.007826654196896543,0.0,1.0998861219868483,0.009074814127525421,1.1779357680410598
2023-02-14,0.0020970176514780725,0.0,0.0020970176514780725,0.0,1.1021926025992705,0.00041413523687539033,1.1784235927493816
2023-02-15,-0.0020113439989120074,0.0,-0.0020113439989120074,0.0,1.0999757141223874,-0.005210974382974354,1.172282857595272
2023-02-16,-0.014859622313821208,0.0,-0.014859622313821208,0.0,1.083630490456153,-0.007323782176590021,1.1636973132968937
2023-02-17,-0.008279541119383782,0.0,-0.008279541119383782,0.0,1.0746585272522031,-0.0144084946627423,1.1469301867692079
2023-02-20,0.017421187176397845,0.0,0.017421187176397845,0.0,1.0933803546061758,0.02453410044895188,1.1750690871793388
2023-02-21,0.0058866372059045435,0.0,0.0058866372059045435,0.0,1.0998166880818057,0.002628287476200697,1.1781575065448429
2023-02-22,-0.0013091718004049069,0.0,-0.0013091718004049069,0.0,1.0983768390881543,-0.009025049501080296,1.1675245767282063
2023-02-23,-0.002313387088576979,0.0,-0.002313387088576979,0.0,1.0958358682902158,-0.0008047332437129961,1.166585030888461
2023-02-24,-0.00306211008251156,0.0,-0.00306211008251156,0.0,1.0924802982291466,-0.010381012397268186,1.1544746972203406
2023-02-27,-0.005304972019497756,0.0,-0.005304972019497756,0.0,1.0866847208151884,-0.00423585450644981,1.1495845103715374
2023-02-28,0.007979603012807868,0.0,0.007979603012807868,0.0,1.0953560334873775,0.006334319523700671,1.1568663459797277
2023-03-01,0.007016241357695963,0.0,0.007016241357695963,0.0,1.1030413157909336,0.014125464834514823,1.173207620868098
2023-03-02,-0.0031097409444745816,0.0,-0.0031097409444745816,0.0,1.0996111430477713,-0.002230222765427725,1.1705911065234647
2023-03-03,0.0012669548834953748,0.0,0.0012669548834953748,0.0,1.1010043007554016,0.003111659848198167,1.1742335878682917
2023-03-06,0.000766941488670847,0.0,0.000766941488670847,0.0,1.101848706632856,-0.005215042738850095,1.1681099095221652
2023-03-07,-0.017344206664384743,0.0,-0.017344206664384743,0.0,1.0827380149521306,-0.01464050951445739,1.151008185277874
2023-03-08,0.0027396850468126566,0.0,0.0027396850468126566,0.0,1.0857043761013105,-0.0036415260424436102,1.146816758996119
2023-03-09,-0.0024698818506529996,0.0,-0.0024698818506529996,0.0,1.0830228145676033,-0.0035341146047651595,1.1427637771391612
2023-03-10,-0.012894307815268014,0.0,-0.012894307815268014,0.0,1.0690579850256108,-0.013113918898984056,1.1277776656450615
2023-03-13,0.00646328006305974,0.0,0.00646328006305974,0.0,1.0759676061864816,0.010473805403647729,1.139589789453608
2023-03-14,-0.0089040789892334,0.0,-0.0089040789892334,0.0,1.0663871056311407,-0.0059845046481565856,1.132769909061631
2023-03-15,0.005694092655552874,0.0,0.005694092655552874,0.0,1.0724592126172912,0.0005536181430152443,1.1333970310351493
2023-03-16,-0.013463911165946918,0.0,-0.013463911165946918,0.0,1.0580197170495105,-0.011976968583627179,1.119822370401665
2023-03-17,0.006896785321597987,0.0,0.006896785321597987,0.0,1.0653166519040187,0.004992954065482724,1.1254135920585804
2023-03-20,-0.0036922724602729273,0.0,-0.0036922724602729273,0.0,1.0613832125687233,-0.004986840772462586,1.119801333671819
2023-03-21,0.012065053404398451,0.0,0.012065053404398451,0.0,1.074188857710897,0.010992676710813276,1.132110947713211
2023-03-22,0.005623224547727457,0.0,0.005623224547727457,0.0,1.080229262864472,0.0042851281319855605,1.1369621881837857
2023-03-23,0.0057452161477880015,0.0,0.0057452161477880015,0.0,1.0864354134687941,0.009913130403408577,1.1482330426189964
2023-03-24,0.0006881011469039855,0.0,0.0006881011469039855,0.0,1.0871829909228392,-0.0029818597753454856,1.1448091726964882
2023-03-27,0.00023803116845422245,0.0,0.00023803116845422245,0.0,1.087441774360492,-0.003617788324245641,1.1406674954380176
2023-03-28,-0.005019012611699236,0.0,-0.005019012611699236,0.0,1.0819838903804881,-0.0032304235014929406,1.1369826563533656
2023-03-29,-0.003084592451944368,0.0,-0.003084592451944368,0.0,1.0786464110390952,0.0016574509659295078,1.1388671493553835
2023-03-30,0.004093249939182586,0.0,0.004093249939182586,0.0,1.0830615803954804,0.008083084382388694,1.1480727086239535
2023-03-31,0.00853316729707121,0.0,0.00853316729707121,0.0,1.0923035260540255,0.0030704271806099026,1.1515977822738288
2023-04-03,0.011670524295807727,0.0,0.011670524295807727,0.0,1.1050512808932353,0.00978591067820056,1.1628672153083743
2023-04-04,-0.000765224148465915,0.0,-0.000765224148465915,0.0,1.1042056689678026,0.0030648555408441247,1.166431235336478
2023-04-06,0.0012399945762913145,0.0,0.0012399945762913145,0.0,1.1055748780084327,-0.001575636012239312,1.1645933642762811
2023-04-07,0.00742109129625379,0.0,0.00742109129625379,0.0,1.1137794501129779,0.006502890173410325,1.1721665870208522
2023-04-10,-0.008344695447388917,0.0,-0.008344695447388917,0.0,1.1044852998062247,-0.004478958499058994,1.1669165015236023
2023-04-11,0.001615313074348812,0.0,0.001615313074348812,0.0,1.1062693893514277,-0.0011362274325839028,1.1655906189830363
2023-04-12,0.0035138502108045255,0.0,0.0035138502108045255,0.0,1.110156654278407,-0.0006975357962689666,1.1647775778025002
2023-04-13,-0.006020542756748459,0.0,-0.006020542756748459,0.0,1.1034729086746349,-0.006909204332231411,1.1567298915158613
2023-04-14,0.0041255988231043705,0.0,0.0041255988231043705,0.0,1.1080253952079906,0.0056574388808592335,1.1632740201787752
2023-04-17,0.004380453700621123,0.0,0.004380453700621123,0.0,1.1128790491508116,0.014023708216937436,1.179587435614106
2023-04-18,-0.0014532669478142246,0.0,-0.0014532669478142246,0.0,1.1112617388117658,0.003048163293635886,1.183183010736979
2023-04-19,-0.0050982557276886276,0.0,-0.0050982557276886276,0.0,1.1055962422869074,-0.009003534811841907,1.1725301813110287
2023-04-20,-0.0008125330179196144,0.0,-0.0008125330179196144,0.0,1.1046979088355615,-0.00279787487583516,1.16924958857558
2023-04-21,-0.025143034139165632,0.0,-0.025143034139165632,0.0,1.076922451600244,-0.01956032782732109,1.1463786833110814
2023-04-24,-0.00668181734552753,0.0,-0.00668181734552753,0.0,1.0697266524833535,-0.012380203478330354,1.1321862819484698
2023-04-25,-0.01459658741330816,0.0,-0.01459658741330816,0.0,1.0541122938920346,-0.0050160157463272625,1.1265072177304405
2023-04-26,0.003922915951922068,0.0,0.003922915951922068,0.0,1.0582474878248609,-0.0008665883019159937,1.1255309997535314
2023-04-27,0.0025694569038807735,0.0,0.0025694569038807735,0.0,1.0609666091384669,0.007371884244216975,1.1338282839969922
2023-04-28,0.013528558919742029,0.0,0.013528558919742029,0.0,1.0753199584220756,0.010196270752897307,1.1453891041679185
2023-05-04,0.003387946377356954,0.001,0.002387946377356954,1.0,1.0778877648212895,0.0002881546832209647,1.1457191534023947
2023-05-05,-0.0033174145405976407,0.0,-0.0033174145405976407,0.0,1.074311964277139,-0.0033174145405976407,1.1419183280234564
2023-05-08,0.011398158320506058,0.0,0.011398158320506058,0.0,1.0865571421315838,0.011398158320506058,1.1549340939153554
2023-05-09,-0.008562612395517921,0.0,-0.008562612395517921,0.0,1.0772533744779293,-0.008562612395517921,1.1450448409267895
2023-05-10,-0.007697607299134157,0.0,-0.007697607299134157,0.0,1.0689611010395312,-0.007697607299134157,1.1362307354014356
2023-05-11,-0.0015527149994870593,0.0,-0.0015527149994870593,0.0,1.067301309104079,-0.0015527149994870593,1.1344664928956996
2023-05-12,-0.013256440532202207,0.0,-0.013256440532202207,0.0,1.0531526927699992,-0.013256440532202207,1.1194275052968516
2023-05-15,0.015522776643179581,0.0,0.015522776643179581,0.0,1.069500546791031,0.015522776643179581,1.1368041284298065
2023-05-16,-0.00517193909205238,0.0,-0.00517193909205238,0.0,1.063969155104111,-0.00517193909205238,1.1309246467179739
2023-05-17,-0.004534708492900719,0.0,-0.004534708492900719,0.0,1.059144365140276,-0.004534708492900719,1.1257962331176712
2023-05-18,-0.0010340478237648165,0.0,-0.0010340478237648165,0.0,1.05804915921445,-0.0010340478237648165,1.1246321059728133
2023-05-19,-0.0029145085905962764,0.0,-0.0029145085905962764,0.0,1.0549654658506464,-0.0029145085905962764,1.1213543560386952
2023-05-22,0.006284129454892096,0.0,0.006284129454892096,0.0,1.0615950054084924,0.006284129454892096,1.1284010919768495
2023-05-23,-0.014143451989858224,0.0,-0.014143451989858224,0.0,1.046580387416824,-0.014143451989858224,1.1124416053071713
2023-05-24,-0.013823511673857758,0.0,-0.013823511673857758,0.0,1.032112971213737,-0.013823511673857758,1.0970637557897225
2023-05-25,-0.002226947568522597,0.0,-0.002226947568522597,0.0,1.029814509742052,-0.002226947568522597,1.0946206523262523
2023-05-26,0.00011712764576032875,0.0,0.00011712764576032875,0.0,1.0299351294911478,0.00011712764576032875,1.0947488626662598
2023-05-29,-0.004416831063288051,0.0,-0.004416831063288051,0.0,1.0253860800180397,-0.004416831063288051,1.0899135418831363
2023-05-30,0.0009940160805772535,0.0,0.0009940160805772535,0.0,1.0264053302703777,0.0009940160805772535,1.090996933470207
2023-05-31,-0.01021691599224861,0.0,-0.01021691599224861,0.0,1.0159186332370091,-0.01021691599224861,1.079850309453141
2023-06-01,0.0021916297906854343,0.0,0.0021916297906854343,0.0,1.0181451507785237,0.0021916297906854343,1.0822169415608194
2023-06-02,0.014438640898502442,0.0,0.014438640898502442,0.0,1.0328457829931665,0.014438640898502442,1.0978426833542916
2023-06-05,-0.004553535962446897,0.0,-0.004553535962446897,0.0,1.0281426825766455,-0.004553535962446897,1.0928436172145286
2023-06-06,-0.00938700901008227,0.0,-0.00938700901008227,0.0,1.0184914979516484,-0.00938700901008227,1.0825850843331248
2023-06-07,-0.004942277943459805,0.0,-0.004942277943459805,0.0,1.0134578298857206,-0.004942277943459805,1.0772346479489066
2023-06-08,0.008139935640541163,0.0,0.008139935640541163,0.0,1.021707311395393,0.008139935640541163,1.0860032686529717
2023-06-09,0.004323348569062135,0.0,0.004323348569062135,0.0,1.0261245082381145,0.004323348569062135,1.0906984393304993
2023-06-12,0.0020144900452288006,0.0,0.0020144900452288006,0.0,1.0281916258451256,0.0020144900452288006,1.0928956404788772
2023-06-13,0.005325884291879968,0.0,0.005325884291879968,0.0,1.0336676554742568,0.005325884291879968,1.0987162762031677
2023-06-14,-0.0002282073022714659,0.0,-0.0002282073022714659,0.0,1.0334317649671556,-0.0002282073022714659,1.0984655411258135
2023-06-15,0.015909317356901154,0.0,0.015909317356901154,0.0,1.0498729588827205,0.015909317356901154,1.1159413780252043
2023-06-16,0.009642595756615968,0.0,0.009642595756615968,0.0,1.059996459421029,0.009642595756615968,1.1267019496215824
2023-06-19,-0.00818574988690135,0.0,-0.00818574988690135,0.0,1.0513195935232074,-0.00818574988690135,1.117479049264896
2023-06-20,-0.0016968089815381227,0.0,-0.0016968089815381227,0.0,1.0495357049944503,-0.0016968089815381227,1.1155829007774227
2023-06-21,-0.015342086794939425,0.0,-0.015342086794939425,0.0,1.0334336371140376,-0.015342086794939425,1.098467531086745
2023-06-26,-0.014061995345794331,0.0,-0.014061995345794331,0.0,1.0189014981187527,-0.014061995345794331,1.083020885777097
2023-06-27,0.009380538499659918,0.0,0.009380538499659918,0.0,1.0284593428492168,0.009380538499659918,1.093180204892065
2023-06-28,-0.0012050658534422665,0.0,-0.0012050658534422665,0.0,1.0272199816134955,-0.0012050658534422665,1.0918628507554904
2023-06-29,-0.004935171041233866,0.0,-0.004935171041233866,0.0,1.0221504753072597,-0.004935171041233866,1.0864743208334429
2023-06-30,0.005392161480165081,0.0,0.005392161480165081,0.0,1.027662075727144,0.005392161480165081,1.0923327658154294
2023-07-03,0.01312443200331459,0.001,0.01212443200331459,1.0,1.0401218946866828,0.01312443200331459,1.1066690129253665
2023-07-04,0.00214255735221891,0.0,0.00214255735221891,0.0,1.0423504154993477,0.0015749257234101144,1.1084119344211234
2023-07-05,-0.005687123488379853,0.0,-0.005687123488379853,0.0,1.036422439968239,-0.007747601764856893,1.0998244001618138
2023-07-06,-0.0053594019818892225,0.0,-0.0053594019818892225,0.0,1.0308678354893988,-0.006733345309468897,1.092418902695745
2023-07-07,-0.004499751442460287,0.0,-0.004499751442460287,0.0,1.0262291864596693,-0.004438482286796885,1.0875702207463678
2023-07-10,0.003803505297062637,0.0,0.003803505297062637,0.0,1.030132454606369,0.004869175541515558,1.0928657910649067
2023-07-11,0.007511512243492557,0.0,0.007511512243492557,0.0,1.0378703071515638,0.006544448482139975,1.100017994932424
2023-07-12,-0.011019313902666195,0.0,-0.011019313902666195,0.0,1.0264336884468042,-0.006731901859833522,1.0926127817464881
2023-07-13,0.013628510392946769,0.0,0.013628510392946769,0.0,1.0404224506374722,0.014306465801312784,1.1082442091426215
2023-07-14,-0.0022400513032799774,0.0,-0.0022400513032799774,0.0,1.03809185097096,0.00017442950649537714,1.1084375196330987
2023-07-17,-0.0029564619562595373,0.0,-0.0029564619562595373,0.0,1.0350227719064613,-0.008188550033174313,1.0993610235449354
2023-07-18,-0.0018111693767680626,0.0,-0.0018111693767680626,0.0,1.0331481703577268,-0.003164066792943232,1.0958825718368808
2023-07-19,-0.0013974141091006587,0.0,-0.0013974141091006587,0.0,1.0317044345276773,-0.0010565666538432383,1.09472469885495
2023-07-20,-0.011333942780182071,0.0,-0.011333942780182071,0.0,1.0200111555006806,-0.00705581549708556,1.0870005233597269
2023-07-21,2.3964287136690743e-05,0.0,2.3964287136690743e-05,0.0,1.0200355993408936,-0.00046682593669222783,1.0864930833222246
2023-07-24,-0.0015039761199914237,0.0,-0.0015039761199914237,0.0,1.0185014901579437,-0.004366664835121714,1.0817487321816786
2023-07-25,0.01688724518372875,0.0,0.01688724518372875,0.0,1.035701174542234,0.02887979436673982,1.112989413123567
2023-07-26,-0.002508214314622337,0.0,-0.002508214314622337,0.0,1.033103414030576,-0.0020694155854936724,1.1106861754855595
2023-07-27,-0.0067242741029801545,0.0,-0.0067242741029801545,0.0,1.0261565434979096,-0.001194518677055778,1.1093594401045943
2023-07-28,0.013765721708975942,0.0,0.013765721708975942,0.0,1.0402823289055465,0.023163502159982752,1.1350560898916544
2023-07-31,0.007446166330533854,0.0,0.007446166330533854,0.0,1.0480284441572922,0.005482954303538179,1.141279550564483
2023-08-01,0.0017469736342652364,0.001,0.0007469736342652364,1.0,1.0488112937730378,-0.004142100268268778,1.1365522562319201
2023-08-02,-0.0017503117983002081,0.0,-0.0017503117983002081,0.0,1.0469755469913564,-0.007030013249121336,1.1285622788122909
2023-08-03,0.0005423319071271582,0.0,0.0005423319071271582,0.0,1.0475433552364717,0.00883877281389056,1.1385373844010394
2023-08-04,0.005504539163895261,0.0,0.005504539163895261,0.0,1.053309598661249,0.003893898202839363,1.142970733076024
2023-08-07,-0.004795326075746509,0.0,-0.004795326075746509,0.0,1.0482586356769548,-0.007567566760906974,1.1343212257477084
2023-08-08,-0.00501830954970206,0.0,-0.00501830954970206,0.0,1.0429981493549794,-0.0026116793015205086,1.1313587424811478
2023-08-09,-0.007783081845131434,0.0,-0.007783081845131434,0.0,1.034880409394229,-0.0030572410403514327,1.127899906102274
2023-08-10,0.0009090516910432722,0.0,0.0009090516910432722,0.0,1.0358211691804164,0.0020546607301958897,1.130217357746934
2023-08-11,-0.019010819357772046,0.0,-0.019010819357772046,0.0,1.0161293600461714,-0.02300541009332413,1.1042162439373726
2023-08-14,0.0023430380981610544,0.0,0.0023430380981610544,0.0,1.0185101898494195,-0.007298183898375332,1.0961574707255444
2023-08-15,-0.009126489241791158,0.0,-0.009126489241791158,0.0,1.009214767559104,-0.002430038491602171,1.093493765878824
2023-08-16,-0.012030215916264742,0.0,-0.012030215916264742,0.0,0.9970736959994851,-0.007331791513195296,1.0854764975664217
2023-08-17,0.009892339700468877,0.0,0.009892339700468877,0.0,1.006937087706714,0.003343604828702773,1.0891059020251281
2023-08-18,-0.02088705728806939,0.0,-0.02088705728806939,0.0,0.9859051350703022,-0.012293332908738352,1.0757171605986615
2023-08-21,-0.009798095733816625,0.0,-0.009798095733816625,0.0,0.976245142172422,-0.014389255402478485,1.0602383916339784
2023-08-22,0.006937892293283454,0.0,0.006937892293283454,0.0,0.9830182258206555,0.007687780445656323,1.0683892716089163
2023-08-23,-0.02058042085881817,0.0,-0.02058042085881817,0.0,0.9627872970213776,-0.01638884505911964,1.050879605373692
2023-08-24,0.002393000886724339,0.0,0.002393000886724339,0.0,0.9650912478768766,0.007248486055151826,1.0584968915388866
2023-08-25,-0.018192989071748267,0.0,-0.018192989071748267,0.0,0.9475333533510127,-0.0038343688035947787,1.0544382240792678
2023-08-28,0.007337098468845227,0.0,0.007337098468845227,0.0,0.9544854988670642,0.011718851101276018,1.0667950286227466
2023-08-29,0.03150825661304091,0.0,0.03150825661304091,0.0,0.9845596728987941,0.009989823107541707,1.0774521222506928
2023-08-30,0.005053072154262539,0.0,0.005053072154262539,0.0,0.9895347239661288,-0.00042136013574278763,1.076998126878205
2023-08-31,-0.005754746990330295,0.0,-0.005754746990330295,0.0,0.9838402019915574,-0.006134865685982094,1.0703908880257529
2023-09-01,0.0004758944317073688,0.001,-0.0005241055682926312,1.0,0.9833245658633835,0.006964444496381228,1.0778455659548405
2023-09-04,0.015155251588359286,0.0,0.015155251588359286,0.0,0.9982270970520573,0.015155251588359286,1.0941805866802836
2023-09-05,-0.007439687478565604,0.0,-0.007439687478565604,0.0,0.9908005994173542,-0.007439687478565604,1.0860402250702688
2023-09-06,-0.0021697152356728866,0.0,-0.0021697152356728866,0.0,0.9886508442612846,-0.0021697152356728866,1.08368382704738
2023-09-07,-0.01404842776600801,0.0,-0.01404842776600801,0.0,0.974761854289877,-0.01404842776600801,1.0684597730819139
2023-09-08,-0.0049174199642142424,0.0,-0.0049174199642142424,0.0,0.9699685408872375,-0.0049174199642142424,1.063205707662801
2023-09-11,0.0073647196665875825,0.0,0.0073647196665875825,0.0,0.977112087276281,0.0073647196665875825,1.0710359196476533
2023-09-12,-0.0018399288447598083,0.0,-0.0018399288447598083,0.0,0.9753142705623379,-0.0018399288447598083,1.0690652897653197
2023-09-13,-0.0063697197658355575,0.0,-0.0063697197658355575,0.0,0.9691017919752355,-0.0063697197658355575,1.0622556434581327
2023-09-14,-0.0008411275230145732,0.0,-0.0008411275230145732,0.0,0.9682866537854024,-0.0008411275230145732,1.0613621509999425
2023-09-15,-0.006624065088383313,0.0,-0.006624065088383313,0.0,0.9618726599665149,-0.006624065088383313,1.0543316190293723
2023-09-18,0.005105186965945752,0.0,0.005105186965945752,0.0,0.9667831997330756,0.005105186965945752,1.0597141790686255
2023-09-19,-0.0019338945535208873,0.0,-0.0019338945535208873,0.0,0.9649135429686763,-0.0019338945535208873,1.0576648035894358
2023-09-20,-0.0039811831844197565,0.0,-0.0039811831844197565,0.0,0.9610720453969904,-0.0039811831844197565,1.053454046258633
2023-09-21,-0.008971338671070694,0.0,-0.008971338671070694,0.0,0.9524499425904354,-0.008971338671070694,1.044003153235237
2023-09-22,0.01810455976876435,0.0,0.01810455976876435,0.0,0.9696936295028201,0.01810455976876435,1.0629043707217627
2023-09-25,-0.006506936604640967,0.0,-0.006506936604640967,0.0,0.9633838945297211,-0.006506936604640967,1.0559881193646803
2023-09-26,-0.00584476837907888,0.0,-0.00584476837907888,0.0,0.9577531388060598,-0.00584476837907888,1.0498161133959347
2023-09-27,0.0020585486771482753,0.0,0.0020585486771482753,0.0,0.9597247202629836,0.0020585486771482753,1.0519772109674148
2023-09-28,-0.002966630140021853,0.0,-0.002966630140021853,0.0,0.9568775719817274,-0.002966630140021853,1.0488563836667428
2023-10-09,-0.0012982729175661234,0.0,-0.0012982729175661234,0.0,0.955635283744597,-0.0012982729175661234,1.047494681829412
2023-10-10,-0.007490649917890724,0.0,-0.007490649917890724,0.0,0.9484769543848821,-0.007490649917890724,1.0396482658769755
2023-10-11,0.0028497787606989178,0.0,0.0028497787606989178,0.0,0.9511799038645006,0.0028497787606989178,1.0426110334236691
2023-10-12,0.009497898868672028,0.0,0.009497898868672028,0.0,0.9602141143973187,0.009497898868672028,1.0525136475784889
2023-10-13,-0.010526196378439656,0.0,-0.010526196378439656,0.0,0.950106712063823,-0.010526196378439656,1.0414346822330898
2023-10-16,-0.01004883428281289,0.0,-0.01004883428281289,0.0,0.9405592471633054,-0.01004883428281289,1.0309694776949556
2023-10-17,0.0035308582674060673,0.0,0.0035308582674060673,0.0,0.9438802285571372,0.0035308582674060673,1.034609684798718
2023-10-18,-0.007920257229072192,0.0,-0.007920257229072192,0.0,0.9364044543535291,-0.007920257229072192,1.026415309963423
2023-10-19,-0.021335094086069928,0.0,-0.021335094086069928,0.0,0.9164261772172816,-0.021335094086069928,1.0045166427539707
2023-10-20,-0.00649659194944463,0.0,-0.00649659194944463,0.0,0.9104725302921115,-0.00649659194944463,0.9979907080195721
2023-10-23,-0.010352963562524686,0.0,-0.010352963562524686,0.0,0.9010464413613176,-0.010352963562524686,0.9876585465837073
2023-10-24,0.0037090083482909098,0.0,0.0037090083482909098,0.0,0.9043884301345245,0.0037090083482909098,0.9913217803782471
2023-10-25,0.004969129341320766,0.0,0.004969129341320766,0.0,0.908882453218657,0.004969129341320766,0.9962477865238151
2023-10-26,0.0027641934929738543,0.0,0.0027641934929738543,0.0,0.9113947801817222,0.0027641934929738543,0.9990016081727138
2023-10-27,0.013727378921473132,0.0,0.013727378921473132,0.0,0.9239058416763294,0.013727378921473132,1.0127152817912617
2023-10-30,0.006003562220254111,0.0,0.006003562220254111,0.0,0.9294525678824894,0.006003562220254111,1.0187951809968978
2023-10-31,-0.0031436151630181985,0.0,-0.0031436151630181985,0.0,0.9265307266967878,-0.0031436151630181985,1.015592481017906
2023-11-01,-0.00041399510595641065,0.001,-0.0014139951059564107,1.0,0.9252206167837204,-0.00041399510595641065,1.0151720307011185
2023-11-02,-0.0013533079829061156,0.0,-0.0013533079829061156,0.0,0.9239685083370777,-0.004715170173734351,1.0103853218207473
2023-11-03,0.008058875041934588,0.0,0.008058875041934588,0.0,0.9314146550884489,0.008425832165931624,1.0188986589653297
2023-11-06,0.008138892160294509,0.0,0.008138892160294509,0.0,0.9389953385227316,0.013524040382396185,1.032678285574746
2023-11-07,-0.005213745662504765,0.0,-0.005213745662504765,0.0,0.9340996556493966,-0.0035371281459491977,1.029025570145129
2023-11-08,-0.0029738547917605995,0.0,-0.0029738547917605995,0.0,0.9313217789124617,-0.0023998835281575648,1.0265560286292847
2023-11-09,-0.00019001123651751772,0.0,-0.00019001123651751772,0.0,0.9311448173096548,0.00048572833773463664,1.0270546559826623
2023-11-10,-0.009119809870558604,0.0,-0.009119809870558604,0.0,0.9226529536138347,-0.007289861177925516,1.0195675701184066
2023-11-13,-0.0026627815794171283,0.0,-0.0026627815794171283,0.0,0.920196130324757,-0.0019726813605172033,1.0175562881770461
2023-11-14,-0.0004951011156804075,0.0,-0.0004951011156804075,0.0,0.9197405401939884,0.0007386683965586727,1.018307924848842
2023-11-15,0.00861329198798022,0.0,0.00861329198798022,0.0,0.9276625340198619,0.007031432768537016,1.025468088560085
2023-11-16,-0.009395894070513,0.0,-0.009395894070513,0.0,0.9189463151170276,-0.009669706382571697,1.015552113239012
2023-11-17,-0.0025433397149046133,0.0,-0.0025433397149046133,0.0,0.9166091224579253,-0.0012022850974873212,1.0143311300675428
2023-11-20,0.0027366312457153263,0.0,0.0027366312457153263,0.0,0.9191175436225513,0.0023132960713483364,1.0166775782857744
2023-11-21,0.004771356227027512,0.0,0.004771356227027512,0.0,0.923502980837685,0.0013265021084505335,1.018026203236985
2023-11-22,-0.00800292686035875,0.0,-0.00800292686035875,0.0,0.9161122540267177,-0.010234659111376554,1.0076070520804055
2023-11-23,0.003446529356202932,0.0,0.003446529356202932,0.0,0.919269661803798,0.004825618663272024,1.0124693794761692
2023-11-24,-0.005880677625027753,0.0,-0.005880677625027753,0.0,0.9138637332722616,-0.006601394910038416,1.0057856692679255
2023-11-27,-0.008490933371141485,0.0,-0.008490933371141485,0.0,0.9061041772027442,-0.00736770313472912,0.9983753390395945
2023-11-28,0.00020795378954652222,0.0,0.00020795378954652222,0.0,0.9062926050001174,0.0018738919947995925,1.0002461865952261
2023-11-29,-0.0055229140203406635,0.0,-0.0055229140203406635,0.0,0.9012872288654312,-0.008587694325147277,0.9916563780948521
2023-11-30,0.003341650707598731,0.0,0.003341650707598731,0.0,0.9042990159715191,0.002263562238071337,0.9939010540254501
2023-12-01,-0.005915479147048486,0.0,-0.005915479147048486,0.0,0.8989496539998431,-0.003810419475070548,0.9901138740928984
2023-12-04,-0.007704506802721167,0.0,-0.007704506802721167,0.0,0.8920236902752974,-0.006529938863831353,0.9836484910268406
2023-12-05,-0.02026583211897437,0.0,-0.02026583211897437,0.0,0.8739460879220302,-0.019039992046559928,0.9649198315810789
2023-12-06,-0.0011007701017371474,0.0,-0.0011007701017371474,0.0,0.8729840741979155,0.0015735402475416382,0.9664381717717228
2023-12-07,-0.004043669529400162,0.0,-0.004043669529400162,0.0,0.8694540150974297,-0.0024461715767569725,0.9640740981852418
2023-12-08,0.0029984684556370045,0.0,0.0029984684556370045,0.0,0.8720610455353263,0.0024120671769554125,0.9663995096736273
2023-12-11,0.004834222967686985,0.0,0.004834222967686985,0.0,0.8762767830708783,0.0058812247349726565,0.9720831223737852
2023-12-12,0.005434253988456206,0.0,0.005434253988456206,0.0,0.8810386936742728,0.0021488804502471925,0.9741720127914695
2023-12-13,-0.01913985193077372,0.0,-0.01913985193077372,0.0,0.8641757435320649,-0.01669135926401366,0.9579117577410198
2023-12-14,-0.004900005218888226,0.0,-0.004900005218888226,0.0,0.8599412778787212,-0.005235331737696303,0.9528967719138057
2023-12-15,-0.002067167154309435,0.0,-0.002067167154309435,0.0,0.8581636355144554,-0.0031062386111544438,0.9499368471684426
2023-12-18,0.002646431103715985,0.0,0.002646431103715985,0.0,0.8604347064515588,-0.003646808429137116,0.9464726094670408
2023-12-19,0.002656325653087377,0.0,0.002656325653087377,0.0,0.8627203012351128,0.0014041712446153376,0.9478016190890705
2023-12-20,-0.00869613372260436,0.0,-0.00869613372260436,0.0,0.8552179701303667,-0.010959373325043154,0.937414307307393
2023-12-21,0.01063693336688143,0.0,0.01063693336688143,0.0,0.864314866692803,0.01011917506039417,0.9469001667871546
2023-12-22,0.004032932074280238,0.0,0.004032932074280238,0.0,0.8678005898409656,0.0019088106110416447,0.948707619873115
2023-12-25,0.0010816991132358567,0.0,0.0010816991132358567,0.0,0.8687392889694622,0.0030633208159587255,0.951613815673331
2023-12-26,-0.004728639948472502,0.0,-0.004728639948472502,0.0,0.8646313336628336,-0.006769628592024235,0.9451717435781836
2023-12-27,0.0019158256748930125,0.0,0.0019158256748930125,0.0,0.8662878165711818,0.0034790167198530675,0.9484600118772247
2023-12-28,0.022571368568181427,0.0,0.022571368568181427,0.0,0.8858411181651351,0.023433643342124277,0.9706858855198226
2023-12-29,0.00365448031952309,0.0,0.00365448031952309,0.0,0.8890784070976939,0.004852776655127844,0.9753964073245353
2024-01-02,-0.014592207888235342,0.001,-0.015592207888235343,1.0,0.8752157117452856,-0.01304475811034922,0.962672597129283
2024-01-03,-0.005244631324075599,0.0,-0.005244631324075599,0.0,0.8706255280081431,-0.002378665891791476,0.9603827206575293
2024-01-04,-0.007044419143196534,0.0,-0.007044419143196534,0.0,0.864492476872087,-0.009248742783716124,0.9515003879002423
2024-01-05,-0.01853825062908343,0.0,-0.01853825062908343,0.0,0.8484662986688751,-0.0053602393987306485,0.9464001180331119
2024-01-08,-0.023297824151587987,0.0,-0.023297824151587987,0.0,0.828698880043939,-0.012932882081732933,0.9341604369044515
2024-01-09,0.0017550046675656183,0.0,0.0017550046675656183,0.0,0.8301532504464225,0.001960709129728677,0.9359920538017213
2024-01-10,-0.007425309329364915,0.0,-0.007425309329364915,0.0,0.8239891057710801,-0.004668186687376341,0.9316226681566742
2024-01-11,0.01796893326262783,0.0,0.01796893326262783,0.0,0.838795311021813,0.005658306401731483,0.9368940746639033
2024-01-12,-0.00652668854585936,0.0,-0.00652668854585936,0.0,0.8333207552730464,-0.0034909420597680763,0.9336234317331116
2024-01-15,-0.002711816123905808,0.0,-0.002711816123905808,0.0,0.8310609426125116,-0.0009886829750130888,0.9327003741410838
2024-01-16,-0.0035798981756225423,0.0,-0.0035798981756225423,0.0,0.828085829060222,0.006082440291137914,0.9383734684763189
2024-01-17,-0.027141927193809368,0.0,-0.027141927193809368,0.0,0.8056099837776441,-0.021749983943656237,0.9179638606038059
2024-01-18,-0.002912904922174775,0.0,-0.002912904922174775,0.0,0.8032633184905451,0.014136215803748575,0.9309403958373434
2024-01-19,-0.012364183433133169,0.0,-0.012364183433133169,0.0,0.7933316234756207,-0.0015124915680045925,0.9295323563383247
2024-01-22,-0.05768848834347784,0.0,-0.05768848834347784,0.0,0.747565521362235,-0.015558863971109838,0.9150698888493115
2024-01-23,0.01575697173711421,0.0,0.01575697173711421,0.0,0.7593448901539808,0.004048274846516042,0.9187743432631444
2024-01-24,0.012555240222126507,0.0,0.012555240222126507,0.0,0.7688786476613083,0.013978012539245022,0.9316169825540133
2024-01-25,0.03359387394505742,0.0,0.03359387394505742,0.0,0.7947082600298885,0.020081724471172624,0.9503254581103282
2024-01-26,-0.008733690167497477,0.0,-0.008733690167497477,0.0,0.7877675243132364,-0.0027215735708822075,0.9477390774597986
2024-01-29,-0.026285422594745644,0.0,-0.026285422594745644,0.0,0.7670607220302464,-0.008956989592422637,0.939250188406659
2024-01-30,-0.028567519747149217,0.0,-0.028567519747149217,0.0,0.7451476997063848,-0.017833448346832204,0.9225001186869564
2024-01-31,-0.040048468701977646,0.0,-0.040048468701977646,0.0,0.715305675376343,-0.009148426259283915,0.9140606943769681
2024-02-01,-0.007228373812338096,0.001,-0.008228373812338097,1.0,0.7094198728892596,0.0007336677290696869,0.9147313112108435
2024-02-02,-0.008563925652991466,0.0,-0.008563925652991466,0.0,0.7033444538410812,-0.011835432081998554,0.9039050709037301
2024-02-05,0.011784134150794934,0.0,0.011784134150794934,0.0,0.7116327592393621,0.006539758739072532,0.9098163919904647
2024-02-06,0.028183184268390615,0.0,0.028183184268390615,0.0,0.7316888364244283,0.03476729006362289,0.941448242395436
2024-02-07,0.010914499564868896,0.0,0.010914499564868896,0.0,0.7396748539112021,0.00964401278862903,0.9505275812849299
2024-02-08,0.0035949049357315577,0.0,0.0035949049357315577,0.0,0.742333914694364,0.006370322075109902,0.9565827481189901
2024-02-19,0.008063494600391463,0.0,0.008063494600391463,0.0,0.7483197202071895,0.011553880764235913,0.9676349911318821
2024-02-20,-0.0010394054853621881,0.0,-0.0010394054853621881,0.0,0.7475419125852014,0.002070034502533513,0.9696380289493838
2024-02-21,0.017367479315836487,0.0,0.017367479315836487,0.0,0.7605248312897458,0.013491342637357073,0.9827197478321514
2024-02-22,0.009482090491023998,0.0,0.009482090491023998,0.0,0.7677361965607059,0.008621669712291835,0.991192432917707
2024-02-23,0.00013357544053183013,0.0,0.00013357544053183013,0.0,0.7678387472613737,0.0008796346089039453,0.992064320085785
2024-02-26,-0.016379504127340905,0.0,-0.016379504127340905,0.0,0.7552619293314737,-0.01042569909179536,0.9817213560048641
2024-02-27,0.004809594455764232,0.0,0.004809594455764232,0.0,0.7588944329194361,0.0119964359338256,0.9934985133570449
2024-02-28,-0.008087528757066864,0.0,-0.008087528757066864,0.0,0.7527568523696223,-0.01274097677483621,0.9808403718725285
2024-02-29,0.01153834868230752,0.0,0.01153834868230752,0.0,0.7614424234052592,0.019077692695622872,0.9995525430705731
2024-03-01,0.00070779268139054,0.0,0.00070779268139054,0.0,0.7619813667798457,0.006177612985813985,1.0057273918406493
2024-03-04,0.0015487542880616711,0.0,0.0015487542880616711,0.0,0.7631614886890691,0.0008663566438389392,1.0065987104484613
2024-03-05,0.011507973260387105,0.0,0.011507973260387105,0.0,0.7719439306942601,0.006960155826154502,1.0136047943275888
2024-03-06,-0.005028169768277468,0.0,-0.005028169768277468,0.0,0.768062465559138,-0.004057199046196502,1.0094923979228227
2024-03-07,-0.0029345355767761427,0.0,-0.0029345355767761427,0.0,0.7658085589287683,-0.006006114251342121,1.003429271245037
2024-03-08,-0.0003316888980634536,0.0,-0.0003316888980634536,0.0,0.7655545487317297,0.004303457498045171,1.0077474864661344
2024-03-11,0.006981379690112144,0.0,0.006981379690112144,0.0,0.7708991757099184,0.012512024282703926,1.0203564474876325
2024-03-12,0.003013786548762054,0.0,0.003013786548762054,0.0,0.7732225012761247,0.002292949195155325,1.0226960729826708
2024-03-13,-0.009333723462732979,0.0,-0.009333723462732979,0.0,0.7660054562740506,-0.006986252096598422,1.0155512603986128
2024-03-14,-0.001541030080363437,0.0,-0.001541030080363437,0.0,0.7648250188242097,-0.0028378990813078264,1.0126692284097065
2024-03-15,0.0013783822141248958,0.0,0.0013783822141248958,0.0,0.7658792400270747,0.002181222231174118,1.0148780850435397
2024-03-18,0.00452950460963808,0.0,0.00452950460963808,0.0,0.7693482935752035,0.009393575841745383,1.0244114193055216
2024-03-19,-0.008758952846598111,0.0,-0.008758952846598111,0.0,0.7626096081491676,-0.007186845780024376,1.0170491324196769
2024-03-20,0.003982067455990945,0.0,0.003982067455990945,0.0,0.7656463710514043,0.0021673566019961843,1.0192534405713811
2024-03-21,0.00026458308176668943,0.0,0.00026458308176668943,0.0,0.7658489481278006,-0.0011976401969774342,1.0180327416800452
2024-03-22,-0.00984672660923458,0.0,-0.00984672660923458,0.0,0.7583078429116162,-0.01007737867520786,1.0077736402383752
2024-03-25,-0.0008284780055943797,0.0,-0.0008284780055943797,0.0,0.7576796015422942,-0.00542707733310166,1.0023043747585403
2024-03-26,0.005218616772953544,0.0,0.005218616772953544,0.0,0.7616336410194275,0.0051007398965841055,1.007416868671392
2024-03-27,-0.006133629857706491,0.0,-0.006133629857706491,0.0,0.756962062178237,-0.011558387209922194,0.9957727544214807
2024-03-28,0.001271396456013818,0.0,0.001271396456013818,0.0,0.7579244610614273,0.005189581895787665,1.000940398680145
2024-03-29,0.005384292254704048,0.0,0.005384292254704048,0.0,0.7620053478667711,0.004691611532633644,1.0056364221980718
2024-04-01,0.011034319977473395,0.0,0.011034319977473395,0.0,0.770413558699679,0.016441911822074662,1.0221710075769193
2024-04-02,-0.0023796193182492598,0.0,-0.0023796193182492598,0.0,0.7685802677123561,-0.004163645652646153,1.0179150497049607
2024-04-03,-0.00229415331660765,0.0,-0.00229415331660765,0.0,0.7668170267421046,-0.003595131198689816,1.0142555115521505
2024-04-08,-0.0066160007801926435,0.0,-0.0066160007801926435,0.0,0.7617437646949139,-0.00879953293385316,1.0053305367749052
2024-04-09,-0.003927772399631935,0.0,-0.003927772399631935,0.0,0.7587518085603535,-0.0008259793553232475,1.004500154506253
2024-04-10,-0.0032712178986271656,0.0,-0.0032712178986271656,0.0,0.7562697660635751,-0.008144362778184866,0.9963191408372114
2024-04-11,-0.0007827288950045252,0.0,-0.0007827288950045252,0.0,0.7556778118652588,-0.00013239330283909556,0.9961872348554741
2024-04-12,-0.00869359342293341,0.0,-0.00869359342293341,0.0,0.7491082562101703,-0.008106168375784262,0.9881119733959287
2024-04-15,0.021048445965897056,0.0,0.021048445965897056,0.0,0.7648758208636174,0.021070308492424417,1.0089317975004393
2024-04-16,-0.004824636130852045,0.0,-0.004824636130852045,0.0,0.7611855733426637,-0.010696023415672218,0.9981402393695583
2024-04-17,0.011413899139501416,0.0,0.011413899139501416,0.0,0.7698736687032404,0.015461755026537238,1.0135732392328196
2024-04-18,0.002192342498901434,0.0,0.002192342498901434,0.0,0.7715614954659237,0.0012338016207424918,1.0148237875381263
2024-04-19,-0.005980275682406999,0.0,-0.005980275682406999,0.0,0.7669473450171073,-0.007882790137940465,1.0068241445939734
2024-04-22,-0.002400659595109378,0.0,-0.002400659595109378,0.0,0.7651061655143483,-0.003037274590291128,1.0037661432027065
2024-04-23,-0.004539855085911926,0.0,-0.004539855085911926,0.0,0.7616326943975754,-0.00698970943709909,0.996750109518922
2024-04-24,0.004300382104278855,0.0,0.004300382104278855,0.0,0.7649080060065965,0.004391332558520977,1.0011271707275617
2024-04-25,0.0030951450815739356,0.0,0.0030951450815739356,0.0,0.7672755072592443,0.0024588101732667678,1.0035887523996805
2024-04-26,0.012433675957858714,0.0,0.012433675957858714,0.0,0.7768155622869074,0.01529283362995737,1.0189364682230253
2024-04-29,0.005070970844760936,0.0,0.005070970844760936,0.0,0.7807547713550209,0.011060274772903389,1.0302061855377036
2024-04-30,-0.004080279993856961,0.0,-0.004080279993856961,0.0,0.7775690732813526,-0.005385892372662515,1.0246576059007464
2024-05-06,0.012790129548859719,0.0,0.012790129548859719,0.0,0.7875142824618079,0.014838277946306766,1.039861760256899
2024-05-07,0.0016063230388154714,0.0,0.0016063230388154714,0.0,0.7887792847971226,0.00030919574386989446,1.0401832810873834
2024-05-08,-0.005501303919439149,0.0,-0.005501303919439149,0.0,0.7844399702260958,-0.007866886325473943,1.0320002774574104
2024-05-09,0.006320144777654635,0.0,0.006320144777654635,0.0,0.7893977444073038,0.009458923046876233,1.041761888666235
2024-05-10,0.002735705797305865,0.0,0.002735705797305865,0.0,0.791557304393059,0.00046826891406626103,1.0422497133745563
2024-05-13,-0.0008435067717728062,0.0,-0.0008435067717728062,0.0,0.7908896204465573,-0.00043259142721630006,1.0417988450835318
2024-05-14,-0.0038791777563487173,0.0,-0.0038791777563487173,0.0,0.7878216190231939,-0.0020863969158654294,1.0396252391861973
2024-05-15,-0.007748516463094268,0.0,-0.007748516463094268,0.0,0.7817171702382111,-0.008473781427354554,1.0308156821429724
2024-05-16,0.004853495008860342,0.0,0.004853495008860342,0.0,0.7855112306223027,0.003944506096982492,1.0348817408860504
2024-05-17,0.013961920355553437,0.0,0.013961920355553437,0.0,0.796478475862644,0.010331673332218072,1.0455738009703623
2024-05-20,0.0034280561816137922,0.0,0.0034280561816137922,0.0,0.7992088488253473,0.003532383352773394,1.049267168459006
2024-05-21,-0.002997049933197049,0.0,-0.002997049933197049,0.0,0.7968135799983648,-0.004010065668516805,1.0450595382096668
2024-05-22,0.001507583656636724,0.0,0.001507583656636724,0.0,0.7980148431289565,0.002255069894925743,1.0474162205126885
2024-05-23,-0.01115798880207508,0.0,-0.01115798880207508,0.0,0.789110602445434,-0.011578115708419046,1.0352891143167176
2024-05-24,-0.010554933759753138,0.0,-0.010554933759753138,0.0,0.7807815923075035,-0.011070648735567512,1.0238277921923604
2024-05-27,0.009366216393707605,0.0,0.009366216393707605,0.0,0.7880945616572792,0.009505272145440502,1.0335595539872142
2024-05-28,-0.0029788585126286904,0.0,-0.0029788585126286904,0.0,0.78574693946353,-0.007298715958487301,1.0260158963764807
2024-05-29,0.001207954023856317,0.0,0.001207954023856317,0.0,0.7866960856407877,0.0012052625920848659,1.0272525149552678
2024-05-30,-0.007785673574474905,0.0,-0.007785673574474905,0.0,0.7805711267156714,-0.0053161430869937965,1.0217914935992913
2024-05-31,-0.004679115742121875,0.0,-0.004679115742121875,0.0,0.7769187440688103,-0.0040027131757064405,1.0177015553250366
2024-06-03,0.0027755857302238507,0.001,0.0017755857302238507,1.0,0.7782982299043224,0.002464576771859628,1.020209758938976
2024-06-04,0.007502059213965406,0.0,0.007502059213965406,0.0,0.7841370693111891,0.007502059213965406,1.0278634329612015
2024-06-05,-0.005774031984657868,0.0,-0.005774031984657868,0.0,0.7796094367926304,-0.005774031984657868,1.0219285166234233
2024-06-06,-0.0007090809654183294,0.0,-0.0007090809654183294,0.0,0.7790566305805402,-0.0007090809654183294,1.0212038865642674
2024-06-07,-0.005047261531437863,0.0,-0.005047261531437863,0.0,0.7751245280181994,-0.005047261531437863,1.0160496034718567
2024-06-11,-0.008739788378322566,0.0,-0.008739788378322566,0.0,0.7683501036764732,-0.008739788378322566,1.0071695449556342
2024-06-12,0.00035169157721259836,0.0,0.00035169157721259836,0.0,0.7686203259362866,0.00035169157721259836,1.00752375800142
2024-06-13,-0.00507657324534172,0.0,-0.00507657324534172,0.0,0.7647183685538126,-0.00507657324534172,1.002408989847504
2024-06-14,0.004367960237438684,0.0,0.004367960237438684,0.0,0.7680586279804946,0.004367960237438684,1.0067874724568089
2024-06-17,-0.0015061274312564432,0.0,-0.0015061274312564432,0.0,0.76690183381208,-0.0015061274312564432,1.0052711222270962
2024-06-18,0.0026556763349574464,0.0,0.0026556763349574464,0.0,0.7689384768633702,0.0026556763349574464,1.0079407969566108
2024-06-19,-0.0047498441726201435,0.0,-0.0047498441726201435,0.0,0.7652861389199374,-0.0047498441726201435,1.0031532352358403
2024-06-20,-0.007217005233299267,0.0,-0.007217005233299267,0.0,0.7597630648503808,-0.007217005233299267,0.9959134730873421
2024-06-21,-0.0021870919897399865,0.0,-0.0021870919897399865,0.0,0.7581013931371462,-0.0021870919897399865,0.9937353187078787
2024-06-24,-0.005381019676051757,0.0,-0.005381019676051757,0.0,0.754022034624233,-0.005381019676051757,0.9883880094051241
2024-06-25,-0.005438318458586999,0.0,-0.005438318458586999,0.0,0.7499214226751547,-0.005438318458586999,0.9830128406493301
2024-06-26,0.006467216248465135,0.0,0.006467216248465135,0.0,0.7547713266849516,0.006467216248465135,0.9893701972648273
2024-06-27,-0.00751293364154737,0.0,-0.00751293364154737,0.0,0.7491007797930249,-0.00751293364154737,0.981937124625852
2024-06-28,0.0021826121748012017,0.0,0.0021826121748012017,0.0,0.7507357762751542,0.0021826121748012017,0.9840803125489497
2024-07-01,0.004774014294310458,0.001,0.003774014294310458,1.0,0.7535690638260669,0.004774014294310458,0.9887783260278079
2024-07-02,0.004661049185043842,0.0,0.004661049185043842,0.0,0.7570814862968877,-0.0018391786746125849,0.9869597860166585
2024-07-03,-0.0007502030679291671,0.0,-0.0007502030679291671,0.0,0.7565135214431954,-0.0024114389538986147,0.9845797927427264
2024-07-04,-0.0028833898029954064,0.0,-0.0028833898029954064,0.0,0.7543321980696379,-0.005081979803742809,0.9795761781208346
2024-07-05,-0.009094635456660782,0.0,-0.009094635456660782,0.0,0.747471821714973,-0.004281137716991568,0.9753824775980151
2024-07-08,-0.005999570830560241,0.0,-0.005999570830560241,0.0,0.742987311576746,-0.008539923947723405,0.967052785419386
2024-07-09,0.0074609276342725295,0.0,0.0074609276342725295,0.0,0.7485306861416028,0.011185680353699157,0.9778699287622417
2024-07-10,-0.003161065780971084,0.0,-0.003161065780971084,0.0,0.7461645314036338,-0.0031527894991906225,0.9747869107192658
2024-07-11,0.00611966172243128,0.0,0.00611966172243128,0.0,0.7507308059251006,0.011432892597943445,0.9859315447754002
2024-07-12,0.006764710668930585,0.0,0.006764710668930585,0.0,0.755809282617437,0.001220240420809926,0.9871346182984867
2024-07-15,0.003275694701772247,0.0,0.003275694701772247,0.0,0.7582850830800572,0.0011075909723559096,0.9882279596902142
2024-07-16,0.0017492101906986246,0.0,0.0017492101906986246,0.0,0.7596114830748355,0.006339020213465885,0.9944923567022026
2024-07-17,0.0033314706021845275,0.0,0.0033314706021845275,0.0,0.7621421063997811,0.0009436057631699857,0.9954307654214153
2024-07-18,0.004799342988195177,0.0,0.004799342988195177,0.0,0.7657998877741392,0.005525213731842671,1.0009307331556203
2024-07-19,0.005023912777576189,0.0,0.005023912777576189,0.0,0.7696471996153941,0.005136425564715719,1.0060719393619104
2024-07-22,-0.009866533159122226,0.0,-0.009866533159122226,0.0,0.7620534499995633,-0.006807259419002287,0.9992233466764951
2024-07-23,-0.014748720478510391,0.0,-0.014748720478510391,0.0,0.7508141366758352,-0.021350953434283837,0.9778889755311561
2024-07-24,-0.0023862245704773244,0.0,-0.0023862245704773244,0.0,0.7490225255350376,-0.006311851757533238,0.9717166852822774
2024-07-25,-0.008883065086153885,0.0,-0.008883065086153885,0.0,0.7423689096897145,-0.0055275255795067535,0.9663454964483461
2024-07-26,-0.0060762581154275574,0.0,-0.0060762581154275574,0.0,0.7378580845775713,0.002947984156607797,0.9691942676616851
2024-07-29,-0.0029032197802756343,0.0,-0.0029032197802756343,0.0,0.7357159203913894,-0.005441304106159284,0.9639205869133916
2024-07-30,-0.005606184090291788,0.0,-0.005606184090291788,0.0,0.7315913615035169,-0.006299506125797882,0.9578483632713479
2024-07-31,0.01716344539830228,0.0,0.01716344539830228,0.0,0.7441479898905521,0.021577250664958747,0.9785160975046743
2024-08-01,-0.006302954373042846,0.0,-0.006302954373042846,0.0,0.7394576590634804,-0.006628832997683909,0.9720296777087704
2024-08-02,-0.007077971650831905,0.0,-0.007077971650831905,0.0,0.7342237987156386,-0.010199554465913363,0.9621154080684955
2024-08-05,-0.006311774255828961,0.0,-0.006311774255828961,0.0,0.7295895438448883,-0.012135414573725467,0.9504397387238153
2024-08-06,-0.006692366682954698,0.0,-0.006692366682954698,0.0,0.7247068630894287,-0.00010229349799195653,0.9503425149183107
2024-08-07,0.0004711810130479943,0.0,0.0004711810130479943,0.0,0.725048331203342,-0.0004457102482545716,0.9499189375200595
2024-08-08,0.0025920033736228643,0.0,0.0025920033736228643,0.0,0.7269276589238607,0.0004333397476394829,0.9503305751527225
2024-08-09,-0.001048514819483537,0.0,-0.001048514819483537,0.0,0.7261654645007866,-0.0033832525111899825,0.9471153668478763
2024-08-12,-0.0004663519114820325,0.0,-0.0004663519114820325,0.0,0.7258268158483644,-0.0017294853235371166,0.9454773447212165
2024-08-13,0.0003202539933557791,0.0,0.0003202539933557791,0.0,0.7260592647846246,0.002563242945820221,0.947900832855506
2024-08-14,-0.004978312111433403,0.0,-0.004978312111433403,0.0,0.7224447151531288,-0.007542908897879341,0.940750903229053
2024-08-15,0.012932139117086683,0.0,0.012932139117086683,0.0,0.7317874707138932,0.009885656490812522,0.950050843501797
2024-08-16,0.0038999322755997046,0.0,0.0038999322755997046,0.0,0.7346413922898097,0.0011014517559044812,0.9510972786715706
2024-08-19,0.005109916726651287,0.0,0.005109916726651287,0.0,0.7383953486283619,0.0033876987142047454,0.9543193096996099
2024-08-20,-0.0044093607593621575,0.0,-0.0044093607593621575,0.0,0.7351394971532245,-0.007228248824534433,0.9474212522710431
2024-08-21,-0.003224187113649357,0.0,-0.003224187113649357,0.0,0.7327692698597684,-0.0033210280063958875,0.9442748397583963
2024-08-22,0.0008888140253910937,0.0,0.0008888140253910937,0.0,0.7334205654641954,-0.0025586796863593664,0.9418587429075662
2024-08-23,0.006077352550091897,0.0,0.006077352550091897,0.0,0.7378778208080091,0.004242204364686364,0.9458543001776467
2024-08-26,-0.0013186837447390909,0.0,-0.0013186837447390909,0.0,0.736904793320106,-0.0008920437690531635,0.9450105567427411
2024-08-27,-0.0007902994252793061,0.0,-0.0007902994252793061,0.0,0.7363224178854596,-0.005682230103094765,0.9396407893094753
2024-08-28,-0.006069569020606624,0.0,-0.006069569020606624,0.0,0.7318532581486838,-0.005699272751255924,0.9342855201629952
2024-08-29,-0.007912169948136816,0.0,-0.007912169948136816,0.0,0.7260627107931138,-0.0026821879594559617,0.93177959079012
2024-08-30,0.007572711143634336,0.0,0.007572711143634336,0.0,0.7315609739741141,0.013348156821850532,0.9442171308913861
2024-09-02,-0.01510867307721142,0.0,-0.01510867307721142,0.0,0.7205080583822928,-0.016986950207019125,0.9281777615043197
2024-09-03,-0.0038066326279939666,0.0,-0.0038066326279939666,0.0,0.7177653488985222,0.0025779392473714857,0.9305705473842392
2024-09-04,-0.008454602828763202,0.0,-0.008454602828763202,0.0,0.7116969279493365,-0.006495636989724551,0.9245258989151018
2024-09-05,0.0014574301426133474,0.0,0.0014574301426133474,0.0,0.7127341765045352,0.0017197774405663946,0.9261158776992754
2024-09-06,-0.0050788574482729665,0.0,-0.0050788574482729665,0.0,0.7091143012235565,-0.008107416204641282,0.9186074708250407
2024-09-09,-0.013520277544738168,0.0,-0.013520277544738168,0.0,0.6995268790600709,-0.011881735970087903,0.9076928193965473
2024-09-10,0.0012216973083698512,0.0,0.0012216973083698512,0.0,0.700381489165351,0.0008778710109014209,0.908489656609499
2024-09-11,-0.006659697891520655,0.0,-0.006659697891520655,0.0,0.6957171600386964,-0.003011807851352799,0.9057534603288497
2024-09-12,-0.005060343173940107,0.0,-0.005060343173940107,0.0,0.6921965924569016,-0.0042857636066325755,0.9018716151119909
2024-09-13,-0.0016962653197921673,0.0,-0.0016962653197921673,0.0,0.6910224433826386,-0.00416961520579362,0.8981111575119463
2024-09-18,0.00582279904180405,0.0,0.00582279904180405,0.0,0.6950461282038322,0.0037233555970774823,0.9014551447170661
2024-09-19,0.005025114303434108,0.0,0.005025114303434108,0.0,0.6985388144442157,0.007892122699076909,0.9085695393268873
2024-09-20,0.0015481174362781402,0.0,0.0015481174362781402,0.0,0.6996202345627739,0.0015688183737605499,0.9099949199140225
2024-09-23,0.004373880838613786,0.0,0.004373880838613786,0.0,0.7026802901010345,0.003659424251417409,0.9133249773926225
2024-09-24,0.04864858840182329,0.0,0.04864858840182329,0.0,0.7368646943122336,0.04331005950016875,0.9528811365064873
2024-09-25,0.014530566780534215,0.0,0.014530566780534215,0.0,0.7475717559611554,0.014804697860234306,0.9669882538291825
2024-09-26,0.04687420772460382,0.0,0.04687420772460382,0.0,0.7826135897391254,0.04227123476385519,1.0078640413206863
2024-09-27,0.02918324540265327,0.0,0.02918324540265327,0.0,0.8054527941839338,0.04466874640370966,1.052884064591858
2024-09-30,0.07168918958338599,0.0,0.07168918958338599,0.0,0.8631950522466538,0.08482632837295823,1.142196353993582
2024-10-08,0.03546993471737725,0.0,0.03546993471737725,0.0,0.8938125243982057,0.05929556940208136,1.2099235371726127
2024-10-09,-0.060432758597726344,0.0,-0.060432758597726344,0.0,0.8397969678796245,-0.07051344706510376,1.1246076578813686
2024-10-10,0.021761358443549428,0.0,0.021761358443549428,0.0,0.858072090717459,0.010567282375257392,1.1364917045635778
2024-10-11,-0.021417271894535794,0.0,-0.021417271894535794,0.0,0.8396945274454505,-0.027670551815153765,1.1050443519649589
2024-10-14,0.015965972090607794,0.0,0.015965972090607794,0.0,0.8531010668352806,0.019082020402004796,1.1261308308342743
2024-10-15,-0.024995382242030795,0.0,-0.024995382242030795,0.0,0.8317774795786486,-0.026593765446154438,1.0961827716573846
2024-10-16,-0.001860559011357732,0.0,-0.001860559011357732,0.0,0.830229908493574,-0.006329365053637237,1.0892446307300572
2024-10-17,-0.014983533169117713,0.0,-0.014983533169117713,0.0,0.817790131121667,-0.01131828074462049,1.076916254199884
2024-10-18,0.02736866621949252,0.0,0.02736866621949252,0.0,0.840171956257931,0.03616789089974137,1.1158660437899435
2024-10-21,-0.0003188024066412831,0.0,-0.0003188024066412831,0.0,0.8399041074162834,0.0025381926274969935,1.1186983267555652
2024-10-22,0.0043281437134683465,0.0,0.0043281437134683465,0.0,0.8435393330987134,0.00573770512632521,1.125117087879802
2024-10-23,0.005713678773525466,0.0,0.005713678773525466,0.0,0.8483590458808734,0.0038994121951319016,1.1295043831732319
2024-10-24,-0.010096578861658823,0.0,-0.010096578861658823,0.0,0.8397935218711355,-0.01116880586951241,1.1168891679888067
2024-10-25,0.0009777282385521335,0.0,0.0009777282385521335,0.0,0.8406146117120221,0.0070219324669691385,1.1247318882995134
2024-10-28,0.0011045997037260058,0.0,0.0011045997037260058,0.0,0.8415431543630669,0.001955302532263392,1.1269310794088228
2024-10-29,-0.006830985050380045,0.0,-0.006830985050380045,0.0,0.8357945856563631,-0.009966305572660317,1.1156997399121065
2024-10-30,-0.012444437447782786,0.0,-0.012444437447782786,0.0,0.825393592215967,-0.008968954930746675,1.105693079228589
2024-10-31,-0.0006152414395661499,0.0,-0.0006152414395661499,0.0,0.8248857758740833,0.0004090553700537569,1.1061453689202787
2024-11-01,0.006994751847335223,0.0,0.006994751847335223,0.0,0.8306556471787191,-0.00026214071302277375,1.105855403184563
2024-11-04,0.009140365863547162,0.0,0.009140365863547162,0.0,0.8382481437005541,0.014072421221484666,1.121417466228231
2024-11-05,0.019394783783813985,0.0,0.019394783783813985,0.0,0.8545057852048098,0.025302160181019717,1.149791750588531
2024-11-06,-0.007717950908230464,0.0,-0.007717950908230464,0.0,0.8479107515038001,-0.005016598785582582,1.1440237066888557
2024-11-07,0.033711850410937716,0.0,0.033711850410937716,0.0,0.876495391920322,0.03016984640493714,1.1785387262032654
2024-11-08,-0.011552043347415442,0.0,-0.011552043347415442,0.0,0.8663700791590485,-0.010046083949735829,1.1666990272218127
2024-11-11,-0.004264629788262031,0.0,-0.004264629788262031,0.0,0.8626753315118079,0.006599339627445966,1.1743984703454604
2024-11-12,-0.015063123128684741,0.0,-0.015063123128684741,0.0,0.8496807467731666,-0.01098682176866339,1.161495563666384
2024-11-13,0.0058858555487757425,0.0,0.0058858555487757425,0.0,0.8546818449112494,0.006154816883979342,1.168644356172305
2024-11-14,-0.008825138945447675,0.0,-0.008825138945447675,0.0,0.8471391588757561,-0.01733712164519119,1.1483834268093795
2024-11-15,-0.012092515509483093,0.0,-0.012092515509483093,0.0,0.8368951154583606,-0.017523434759565193,1.1282598047507195
2024-11-18,0.0025536674437720563,0.0,0.0025536674437720563,0.0,0.8390322672685585,-0.0046487240197429225,1.1230148362958643
2024-11-19,-0.002645360407486308,0.0,-0.002645360407486308,0.0,0.8368127245281228,0.006710745115471095,1.1305511026231383
2024-11-20,0.001878564189954357,0.0,0.001878564189954357,0.0,0.8383847309461195,0.002233402927060313,1.133076078764928
2024-11-21,0.001715487628572765,0.0,0.001715487628572765,0.0,0.8398229695800419,0.0008843955739574749,1.134078166233945
2024-11-22,-0.02955873586894653,0.0,-0.02955873586894653,0.0,0.8149988642455511,-0.03098264406419371,1.098941426068545
2024-11-25,-0.007496664497452787,0.0,-0.007496664497452787,0.0,0.8088890911944971,-0.00455493301470189,1.0939358214857218
2024-11-26,0.004137403787837224,0.0,0.004137403787837224,0.0,0.8122357919843455,-0.0020545252178287843,1.0916883027537931
2024-11-27,0.012737119113893858,0.0,0.012737119113893858,0.0,0.822581336015418,0.017410619540464856,1.1106952724498151
2024-11-28,-0.0059563684585154375,0.0,-0.0059563684585154375,0.0,0.8176817384910123,-0.008828667189653583,1.100889313540234
2024-11-29,0.005683644551344624,0.0,0.005683644551344624,0.0,0.8223291508487208,0.01137028279291874,1.1134067363588886
2024-12-02,0.005365804226813653,0.0,0.005365804226813653,0.0,0.826741608082177,0.007927573601784976,1.122233350210097
2024-12-03,0.00525077101871485,0.0,0.00525077101871485,0.0,0.8310826389578606,0.0010788746266114924,1.1234440992967758
2024-12-04,-0.001561688387567095,0.0,-0.001561688387567095,0.0,0.8297847468514915,-0.005398428246123244,1.1173792669381917
2024-12-05,-0.004980830616648224,0.0,-0.004980830616648224,0.0,0.8256517295791459,-0.002281864885816387,1.1148295584248262
2024-12-06,0.011331928446380646,0.0,0.011331928446380646,0.0,0.8350079559003672,0.013145950059006761,1.1294850521241835
2024-12-09,0.0008118771169209893,0.0,0.0008118771169209893,0.0,0.8356858797522098,-0.001653603534332193,1.1276173316500155
2024-12-10,0.008148547454033483,0.0,0.008148547454033483,0.0,0.8424955058000364,0.007327739753051343,1.135880217997377
2024-12-11,-0.004750999226944774,0.0,-0.004750999226944774,0.0,0.8384928103032759,-0.0017033579376705132,1.1339454074118083
2024-12-12,0.009607883575585285,0.0,0.009607883575585285,0.0,0.8465489516036351,0.009946272479330442,1.1452239374106115
2024-12-13,-0.023772993648298435,0.0,-0.023772993648298435,0.0,0.8264239487541881,-0.0236623759930793,1.118125218007327
2024-12-16,0.0013392584685447684,0.0,0.0013392584685447684,0.0,0.8275307440261653,-0.005425379610040859,1.1120589642480774
2024-12-17,0.004083193264586171,0.0,0.004083193264586171,0.0,0.830909711986411,0.002605166568588446,1.1149560630840356
2024-12-18,0.007163469622741614,0.0,0.007163469622741614,0.0,0.8368619084674666,0.005062935472496033,1.1206010136860982
2024-12-19,-0.0036026782004277003,0.0,-0.0036026782004277003,0.0,0.8338469643130625,0.000906671672725512,1.121617030881635
2024-12-20,-0.004982113083184636,0.0,-0.004982113083184636,0.0,0.8296926444427846,-0.004491233477228462,1.1165795869239097
2024-12-23,0.008586873659834904,0.0,0.008586873659834904,0.0,0.836817110357109,0.0014838034250703735,1.118236371539351
2024-12-24,0.011634832695231356,0.0,0.011634832695231356,0.0,0.846553337432621,0.0127405828595486,1.132483354687509
2024-12-25,0.002917164085761481,0.0,0.002917164085761481,0.0,0.8490228724252609,0.0004872369522914699,1.1330351424257679
2024-12-26,-0.0027931878686353606,0.0,-0.0027931878686353606,0.0,0.8466513920378087,0.0004644185397084666,1.1335613449520516
2024-12-27,-0.00033005315261802615,0.0,-0.00033005315261802615,0.0,0.8463719520766981,-0.0016173121871457807,1.1317280223739834
2024-12-30,0.006309353766864811,0.0,0.006309353766864811,0.0,0.851712012140702,0.0045274703964877094,1.1368518874921572
2024-12-31,-0.012497659769253988,0.0,-0.012497659769253988,0.0,0.8410676051915809,-0.016039789400245752,1.1186170226375112
2025-01-02,-0.027722662379770946,0.001,-0.028722662379770947,1.0,0.8169099043291006,-0.029102564200308434,1.086062398920645
2025-01-03,-0.014145852807345705,0.0,-0.014145852807345705,0.0,0.8053540170655983,-0.011839089937035308,1.0732044085025911
2025-01-06,-0.0033042442337646305,0.0,-0.0033042442337646305,0.0,0.8026929306985701,-0.0016409878773511188,1.0714432930783186
2025-01-07,0.0285744113978057,0.0,0.0285744113978057,0.0,0.8256294087264613,0.0071998450505046385,1.0791575187688849
2025-01-08,-0.00042567294646456144,0.0,-0.00042567294646456144,0.0,0.8252779606233609,-0.0018152812381951877,1.0771985443720065
2025-01-09,-0.0038130012982855455,0.0,-0.0038130012982855455,0.0,0.8221311746880575,-0.002464362671424025,1.0745439364895437
2025-01-10,-0.011282047014943175,0.0,-0.011282047014943175,0.0,0.8128558521227764,-0.012539032354756396,1.061070195303294
2025-01-13,0.0016768497946544336,0.0,0.0016768497946544336,0.0,0.8142188892914922,-0.0026706097097346504,1.058236490937007
2025-01-14,0.031079011873730522,0.0,0.031079011873730522,0.0,0.8395240078195982,0.02633355477872068,1.0861036195399378
2025-01-15,-0.004194426647952443,0.0,-0.004194426647952443,0.0,0.8360026859496039,-0.0064163704607203,1.0791347763582404
2025-01-16,-0.021749870353834244,0.0,-0.021749870353834244,0.0,0.8178197359147428,0.0011480427162511297,1.0803736691780919
2025-01-17,0.00993938709552622,0.0,0.00993938709552622,0.0,0.8259483628443605,0.0031467872720229995,1.0837733752892902
2025-01-20,0.0024515919300385214,0.0,0.0024515919300385214,0.0,0.8279732511853383,0.004546547884070273,1.0887008028355234
2025-01-21,0.008287968967365611,0.0,0.008287968967365611,0.0,0.8348354677969712,0.0007674278450708893,1.0895363021465705
2025-01-22,-0.0009792112228258487,0.0,-0.0009792112228258487,0.0,0.8340179875376913,-0.00928817530589432,1.0794164979700973
2025-01-23,-0.009467467754834202,0.0,-0.009467467754834202,0.0,0.8261219491337265,0.0017716539062111458,1.0813288504251548
2025-01-24,0.009034205356347913,0.0,0.009034205356347913,0.0,0.833585304471587,0.00765561509922863,1.089607087899701
2025-01-27,-0.020253704733318667,0.0,-0.020253704733318667,0.0,0.8167021138447859,-0.004118069412324621,1.0851200102795693
2025-02-05,0.029043336230093475,0.0,0.029043336230093475,0.0,0.840421867937008,-0.005762258061135728,1.078867268753036
2025-02-06,0.028887019003305925,0.0,0.028887019003305925,0.0,0.8646991504068983,0.012581009384506459,1.0924405079858548
2025-02-07,0.007494907141868179,0.0,0.007494907141868179,0.0,0.8711799902448503,0.012977932154705663,1.1066181267815474
2025-02-10,0.017634489236836748,0.0,0.017634489236836748,0.0,0.8865428044061706,0.0021473510822684894,1.1089944244137497
2025-02-11,-0.011914946974483143,0.0,-0.011914946974483143,0.0,0.8759796939010616,-0.004595415299731065,1.1038981344684824
2025-02-12,0.016326438971819845,0.0,0.016326438971819845,0.0,0.8902813229140907,0.009458079618658521,1.114338890915174
2025-02-13,-0.023098785270334266,0.0,-0.023098785270334266,0.0,0.869716905805909,-0.003755744462432653,1.110153718796346
2025-02-14,0.005285678328718957,0.0,0.005285678328718957,0.0,0.8743139496070478,0.00867292849936252,1.119782002622768
2025-02-17,0.014516892526289293,0.0,0.014516892526289293,0.0,0.8870062712477288,0.0021297234913655316,1.1221668286589621
2025-02-18,-0.025198904470904004,0.0,-0.025198904470904004,0.0,0.8646546849534645,-0.008769067623786708,1.1123264718532815
2025-02-19,0.023144521978543553,0.0,0.023144521978543553,0.0,0.8846667043132207,0.006996810198776737,1.120109209055914
2025-02-20,-0.0014363441465108373,0.0,-0.0014363441465108373,0.0,0.8833960184708674,-0.0028587671566635553,1.1169070776371886
2025-02-21,0.059713382732301756,0.0,0.059713382732301756,0.0,0.9361465830260097,0.012611176269364144,1.1309925896697715
2025-02-24,0.0048229132222725735,0.0,0.0048229132222725735,0.0,0.9406615367592711,-0.0021935711549539993,1.1285116769486052
2025-02-25,0.002588054768220438,0.0,0.002588054768220438,0.0,0.9430960203347625,-0.011100539408728682,1.1159845886054267
2025-02-26,0.021687349997869143,0.0,0.021687349997869143,0.0,0.96354927380936,0.008734856970219695,1.1257325543678647
2025-02-27,-0.00047301254858800323,0.0,-0.00047301254858800323,0.0,0.9630935029116653,0.0020644246972367775,1.1280565444555852
2025-02-28,-0.04216420858981773,0.0,-0.04216420858981773,0.0,0.9224854275633996,-0.019673568010612597,1.1058636473084216
2025-03-03,-0.015245671571508135,0.001,-0.016245671571508136,1.0,0.9074990322777023,-0.0004048792187449912,1.1054159060988609
2025-03-04,-0.0027798871153543736,0.0,-0.0027798871153543736,0.0,0.904976287410677,-0.0008365749648834298,1.1044911428260347
2025-03-05,0.007717407601125714,0.0,0.007717407601125714,0.0,0.9119603582899787,0.004465640435898033,1.1094234031345298
2025-03-06,0.016090807837828347,0.0,0.016090807837828347,0.0,0.9266345371709398,0.013751447443236753,1.1246795807550312
2025-03-07,-0.0007202074257000035,0.0,-0.0007202074257000035,0.0,0.9259671680963592,-0.0030895520162214085,1.1212048246887063
2025-03-10,-0.0049253994010476365,0.0,-0.0049253994010476365,0.0,0.9214064099612276,-0.0038569842804817567,1.1168803553046815
2025-03-11,0.005027341815028841,0.0,0.005027341815028841,0.0,0.9260386349346613,0.0032106479277906885,1.1204662649030306
2025-03-12,-0.004924273634220655,0.0,-0.004924273634220655,0.0,0.9214785673003829,-0.0035987066577088944,1.1164340354957858
2025-03-13,-0.0016477989070873278,0.0,-0.0016477989070873278,0.0,0.9199601559242809,-0.00398575892638886,1.111984198573084
2025-03-14,0.028480640932636803,0.0,0.028480640932636803,0.0,0.9461612107974929,0.024281242945623616,1.1389845570503316
2025-03-17,-0.0009428912241422616,0.0,-0.0009428912241422616,0.0,0.9452690836952081,-0.0024382530936162272,1.1362074244305225
2025-03-18,0.000665467947783771,0.0,0.000665467947783771,0.0,0.9458981299724383,0.0027359469654131274,1.139316027685473
2025-03-19,0.002634551755729131,0.0,0.002634551755729131,0.0,0.9483901475514981,0.000610072103286674,1.1400110926107914
2025-03-20,-0.010475932875688598,0.0,-0.010475932875688598,0.0,0.9384548760257841,-0.008771702332670328,1.1300112546504673
2025-03-21,-0.015756096161189892,0.0,-0.015756096161189892,0.0,0.9236684907561844,-0.015168835559920657,1.1128702997478146
2025-03-24,0.006717979425557186,0.0,0.006717979425557186,0.0,0.9298736766731199,0.0051480370378695905,1.1185993972692614
2025-03-25,-0.0005320549163841948,0.0,-0.0005320549163841948,0.0,0.9293789328118297,-0.0006490719211842411,1.1178733458094403
2025-03-26,-0.005418481680955267,0.0,-0.005418481680955267,0.0,0.924343110089723,-0.0032901905884477056,1.1141953294479816
2025-03-27,0.005053949633064825,0.0,0.005053949633064825,0.0,0.929014693611787,0.0033309035129995834,1.1179066065850076
2025-03-28,-0.004126216208080513,0.0,-0.004126216208080513,0.0,0.9251813781254611,-0.0043856035430671625,1.1130039114103503
2025-03-31,-0.005263943516908287,0.0,-0.005263943516908287,0.0,0.9203112756081133,-0.0071159179457525035,1.1050838669034526
2025-04-01,-0.0010965496388477547,0.001,-0.0020965496388477547,1.0,0.9183817973356097,9.723957928708948e-05,1.1051913247937473
2025-04-02,0.002838732393916077,0.0,0.002838732393916077,0.0,0.9209888374936891,-0.0008483199766237126,1.1042537689149334
2025-04-03,-0.01178795884123196,0.0,-0.01178795884123196,0.0,0.9101322589840795,-0.0058910211292080294,1.0977485866302479
2025-04-07,-0.11394240154808988,0.0,-0.11394240154808988,0.0,0.8064296036690454,-0.07045494979545541,1.0204067650711817
2025-04-08,0.0061086779213392894,0.0,0.0061086779213392894,0.0,0.8113558223840929,0.01708288282214432,1.037838254269816
2025-04-09,0.022117645527076846,0.0,0.022117645527076846,0.0,0.8293011028599142,0.009870550206135142,1.0480822888644337
2025-04-10,0.023398315384982826,0.0,0.023398315384982826,0.0,0.8487053516137446,0.013106509341178185,1.0618189891737588
2025-04-11,0.013415482701006232,0.0,0.013415482701006232,0.0,0.8600911435765702,0.004123567815180973,1.0661974717830638
2025-04-14,0.013022100280646098,0.0,0.013022100280646098,0.0,0.8712913366987199,0.002299682950377191,1.0686493879306587
2025-04-15,-0.00412509770943148,0.0,-0.00412509770943148,0.0,0.8676971748014566,0.0005567759877120881,1.0692443862491416
2025-04-16,-0.013304128200927079,0.0,-0.013304128200927079,0.0,0.8561532203483158,0.00308010533774139,1.0725377715905777
2025-04-17,0.0007224933285898683,0.0,0.0007224933285898683,0.0,0.8567717853382681,-0.00015850212838142141,1.0723677720710112
2025-04-18,-0.0013489020755660386,0.0,-0.0013489020755660386,0.0,0.8556160840987389,7.979381913369998e-05,1.0724533403910606
2025-04-21,0.020740139174135974,0.0,0.020740139174135974,0.0,0.873361680762576,0.0032757918241981265,1.0759664742753476
2025-04-22,-0.000558575972295916,0.0,-0.000558575972295916,0.0,0.8728738419125781,-0.00024545025325750647,1.07570237803174
2025-04-23,0.005928584683405402,0.0,0.005928584683405402,0.0,0.8780487484022862,0.0007743227186813861,1.0765353188215896
2025-04-24,-0.010711690355033832,0.0,-0.010711690355033832,0.0,0.8686433620927759,-0.0006667754632967426,1.075817511485627
2025-04-25,0.0032132540649589814,0.0,0.0032132540649589814,0.0,0.8714345339070202,0.0006968158659450552,1.0765671581964917
2025-04-28,-0.010513507698120206,0.0,-0.010513507698120206,0.0,0.8622727002263809,-0.0014193315331368916,1.0750391524813239
2025-04-29,0.004479112589855783,0.0,0.004479112589855783,0.0,0.8661349167338538,-0.001729946882538913,1.0731793918508816
2025-04-30,0.007916819192256064,0.0,0.007916819192256064,0.0,0.8729919502657355,-0.001193618037459987,1.071898425571338
2025-05-06,0.025681007617160967,0.001,0.024681007617160966,1.0,0.8945382712399642,0.010070358043914318,1.0826928265035494
2025-05-07,0.008681063723955385,0.0,0.008681063723955385,0.0,0.9023038149761152,0.0060613746677862235,1.0892554333751119
2025-05-08,0.0032976348540569855,0.0,0.0032976348540569855,0.0,0.905279283485329,0.005550905659658545,1.0953017875250477
2025-05-09,0.001678292552852012,0.0,0.001678292552852012,0.0,0.9067986069650537,-0.0017490739433403402,1.0933860237083934
2025-05-12,0.006934038150436361,0.0,0.006934038150436361,0.0,0.9130863831005119,0.011557770522628186,1.106023128463064
2025-05-13,0.002013603851378054,0.0,0.002013603851378054,0.0,0.914924977358164,0.0014517003760334823,1.1076287426545555
2025-05-14,0.016885156490312747,0.0,0.016885156490312747,0.0,0.9303736287777524,0.012050793350953715,1.1209765477418623
2025-05-15,-0.004897622726538264,0.0,-0.004897622726538264,0.0,0.9258170097492786,-0.00913265863784607,1.1107390515903046
2025-05-16,-0.008625339287916867,0.0,-0.008625339287916867,0.0,0.9178315239216664,-0.004636057697598672,1.105589601260156
2025-05-19,-0.00426037541659563,0.0,-0.00426037541659563,0.0,0.913921217060574,-0.0030701308919707238,1.1021952964714856
2025-05-20,0.004266404641919186,0.0,0.004266404641919186,0.0,0.9178203747833897,0.005423062588580052,1.108172570549089
2025-05-21,0.004342514196822522,0.0,0.004342514196822522,0.0,0.9218060227910195,0.004671421546155852,1.113349311772011
2025-05-22,0.001908059811774221,0.0,0.001908059811774221,0.0,0.9235648838173585,-0.0006424298350952151,1.112634062957246
2025-05-23,-0.0079674220963174,0.0,-0.0079674220963174,0.0,0.9162064525546493,-0.008071560976170566,1.103653369273922
2025-05-26,-0.004583214718207329,0.0,-0.004583214718207329,0.0,0.9120072816563842,-0.005709797917406112,1.0973517315645036
2025-05-27,-0.005238897349544636,0.0,-0.005238897349544636,0.0,0.9072293691257491,-0.005365136251404445,1.0914642900089455
2025-05-28,-0.0008259843197042649,0.0,-0.0008259843197042649,0.0,0.9064800118924761,-0.0008230459105947885,1.0905659647884933
2025-05-29,0.002918306428138173,0.0,0.002918306428138173,0.0,0.9091253983381606,0.005855477646453888,1.0969517494172958
2025-05-30,-0.004532696023216154,0.0,-0.004532696023216154,0.0,0.9050046092605084,-0.004786067846684117,1.0917016639200459
2025-06-03,0.003210517356206033,0.0,0.003210517356206033,0.0,0.9079101422659858,0.0030677834047525554,1.0950507681675605
2025-06-04,0.0013128438400533682,0.0,0.0013128438400533682,0.0,0.9091020865035816,0.004343183680844298,1.0998067747935618
2025-06-05,0.00048498155211929017,0.0,0.00048498155211929017,0.0,0.909542984244529,0.0022780008907286042,1.102312135606171
2025-06-06,-0.001217995125790794,0.0,-0.001217995125790794,0.0,0.9084351653230219,-0.0009211988169868235,1.1012966869709002
2025-06-09,-0.000751994347025664,0.0,-0.000751994347025664,0.0,0.9077520272140597,0.0029070847995242843,1.1044982498293598
2025-06-10,-0.003880784330072551,0.0,-0.003880784330072551,0.0,0.9042292373712557,-0.005091312107392887,1.0988749045174093
2025-06-11,0.005879537483359343,0.0,0.005879537483359343,0.0,0.9095456870659294,0.007543723717586381,1.1071645131972778
2025-06-12,-0.0003201917287271039,0.0,-0.0003201917287271039,0.0,0.9092544580600315,-0.0006229097795037442,1.1064748495944878
2025-06-13,-0.005514858199180739,0.0,-0.005514858199180739,0.0,0.9042400486568575,-0.007198244488527017,1.0985101731067006
2025-06-16,0.0032042647807735136,0.0,0.0032042647807735136,0.0,0.9071374731981335,0.0024877192637406953,1.1012429580257532
2025-06-17,-0.00039329477107896693,0.0,-0.00039329477107896693,0.0,0.9067807007732749,-0.0008818226054811973,1.100271857091239
2025-06-18,-0.0015018891910550947,0.0,-0.0015018891910550947,0.0,0.9054188166401261,0.001186447115385958,1.1015772714622254
2025-06-19,-0.0053740370055546105,0.0,-0.0053740370055546105,0.0,0.9005530624139766,-0.00822715834518506,1.0925144208204487
2025-06-20,0.003075947657492639,0.0,0.003075947657492639,0.0,0.9033231164967567,0.0009245162292539355,1.0935244681331913
2025-06-23,0.004135438316442253,0.0,0.004135438316442253,0.0,0.9070587535248454,0.0029267070204572754,1.0967248938711185
2025-06-24,0.011600967827483544,0.0,0.011600967827483544,0.0,0.9175815129421245,0.011957794677003308,1.1098393049691875
2025-06-25,0.01171094015218399,0.0,0.01171094015218399,0.0,0.9283272551249402,0.014352334021681123,1.1257680893844957
2025-06-26,-0.0033707848811819208,0.0,-0.0033707848811819208,0.0,0.9251980636485759,-0.003546910581793239,1.1217750906356128
2025-06-27,-0.011282593977796296,0.0,-0.011282593977796296,0.0,0.9147594295473858,-0.006148473651932829,1.114877886047445
2025-06-30,0.0016309833655210326,0.0,0.0016309833655210326,0.0,0.9162513869604311,0.003651678660437474,1.118949061832918
2025-07-01,0.0021121060772828493,0.0,0.0021121060772828493,0.0,0.918186607083149,0.0016978825882305593,1.1208489059621212
2025-07-02,0.0017805412124090036,0.0,0.0017805412124090036,0.0,0.9198214761777426,0.000234099851829761,1.1211112965249304
2025-07-03,0.000733502978088163,0.0,0.000733502978088163,0.0,0.9204961679698284,0.006182796039744698,1.1280428990091977
2025-07-04,0.005833993075551103,0.0,0.005833993075551103,0.0,0.9258663362398357,0.0035621869383286597,1.1320611986899227
2025-07-07,-0.0032520277736015624,0.0,-0.0032520277736015624,0.0,0.9228553931997411,-0.0042760251046970454,1.1272204765842713
2025-07-08,0.0057315821304673165,0.0,0.0057315821304673165,0.0,0.9281448146804101,0.008392567793350736,1.136680750852058
2025-07-09,-0.0026456143518390762,0.0,-0.0026456143518390762,0.0,0.9256893014381066,-0.0017636821040537543,1.1346760073537578
2025-07-10,0.006210035329498709,0.0,0.006210035329498709,0.0,0.9314378647041762,0.0046657802611163035,1.1399701562716313
2025-07-11,-5.876090658640809e-05,0.0,-5.876090658640809e-05,0.0,0.9313831325708173,0.001192760941081561,1.1413298681480308
2025-07-14,0.0003754389643253475,0.0,0.0003754389643253475,0.0,0.9317328100894998,0.0007126120882026132,1.1421431936086999
2025-07-15,-0.0038367428044302487,0.0,-0.0038367428044302487,0.0,0.9281579909347374,0.00034746524600826056,1.1425400486744437
2025-07-16,-0.0023026855807692925,0.0,-0.0023026855807692925,0.0,0.9260207349123362,-0.0029514334680910137,1.1391679177361516
2025-07-17,0.0012255094219018048,0.0,0.0012255094219018048,0.0,0.9271555820478476,0.006809988615497753,1.146925638287075
2025-07-18,0.007381224811060072,0.0,0.007381224811060072,0.0,0.9339991258337721,0.005963081836097839,1.1537648497280995
2025-07-21,0.002793617399935444,0.0,0.002793617399935444,0.0,0.9366083620432258,0.006666914702766924,1.1614569015682874
2025-07-22,0.007193824197697207,0.0,0.007193824197697207,0.0,0.9433461579418579,0.008163046519158446,1.170937928285787
2025-07-23,0.0032297321592933415,0.0,0.0032297321592933415,0.0,0.9463929133655086,0.0001968944572876552,1.1711684794736943
2025-07-24,0.00401363701270907,0.0,0.00401363701270907,0.0,0.9501913909911579,0.007104281817742697,1.1794887904079325
2025-07-25,-0.006019677554354064,0.0,-0.006019677554354064,0.0,0.944471545202468,-0.005272066747054938,1.1732704467774988
2025-07-28,0.002594872569006146,0.0,0.002594872569006146,0.0,0.9469223285073207,0.0020985359676852777,1.1757325970098835
2025-07-29,0.0020783033338127588,0.0,0.0020783033338127588,0.0,0.9488903203395193,0.003917236323402573,1.180338219445499
2025-07-30,0.0038307450850818547,0.0,0.0038307450850818547,0.0,0.9525252772704416,-0.0001895460648717595,1.1801144909807855
2025-07-31,-0.01537836189960029,0.0,-0.01537836189960029,0.0,0.9378769988380596,-0.018222756681259944,1.1586095517556136
2025-08-01,-0.007876097714908603,0.001,-0.008876097714908604,1.0,0.9295523109518078,-0.005069694186683571,1.1527357556464422
2025-08-04,0.010377376593440513,0.0,0.010377376593440513,0.0,0.9391986253458576,0.0038898338293962276,1.1572197061851104
2025-08-05,0.007090381254697853,0.0,0.007090381254697853,0.0,0.9458579016734479,0.008044804065735933,1.166529311982378
2025-08-06,0.010877083854820446,0.0,0.010877083854820446,0.0,0.9561460773846945,0.00244550317415837,1.1693820631175798
2025-08-07,0.0001225713635690795,0.0,0.0001225713635690795,0.0,0.9562632735131708,0.00028710448682822687,1.1697177979547173
2025-08-08,-0.0035003606741326188,0.0,-0.0035003606741326188,0.0,0.952916007156448,-0.0023571779580652263,1.1669605649442218
2025-08-11,0.015473089865211564,0.0,0.015473089865211564,0.0,0.9676605621691783,0.004273846781228885,1.1719479755985298
2025-08-12,0.0028332630321963315,0.0,0.0028332630321963315,0.0,0.9704021990676865,0.005170149940169733,1.1780071223544526
2025-08-13,0.014464191064090137,0.0,0.014464191064090137,0.0,0.9844382818840148,0.007904050002111696,1.187318149552386
2025-08-14,-0.012435142506002639,0.0,-0.012435142506002639,0.0,0.9721966515604227,-0.0007817404583370102,1.186389974917963
2025-08-15,0.02021260554020876,0.0,0.02021260554020876,0.0,0.9918472789859253,0.006958500356910591,1.1946454699818647
2025-08-18,0.016874040481343,0.0,0.016874040481343,0.0,1.0085837501228436,0.008818868857518591,1.2051808917128635
2025-08-19,0.0007249638761568367,0.0,0.0007249638761568367,0.0,1.0093149369077614,-0.003783306792709218,1.200621322658803
2025-08-20,0.008644664551200831,0.0,0.008644664551200831,0.0,1.0180401259638454,0.011370529818102826,1.214273023208345
2025-08-21,-0.007134115150296494,0.0,-0.007134115150296494,0.0,1.010777310477597,0.003903875922532052,1.2190133944270283
2025-08-22,0.015109860377483741,0.0,0.015109860377483741,0.0,1.026050014511642,0.020971434474848838,1.2445778539522176
2025-08-25,0.015589968137727617,0.0,0.015589968137727617,0.0,1.0420461015455935,0.02083692135080928,1.270511024809979
2025-08-26,-0.00016863410918399602,0.0,-0.00016863410918399602,0.0,1.0418703770295308,-0.003721229332532494,1.26578316191715
2025-08-27,-0.018720473186064956,0.0,-0.018720473186064956,0.0,1.022366070572994,-0.014927039110486429,1.2468887671538176
2025-08-28,0.015076117998436223,0.0,0.015076117998436223,0.0,1.03777938209055,0.017704685705635104,1.2689645408861627
2025-08-29,-0.0011323855831322227,0.0,-0.0011323855831322227,0.0,1.036604215679799,0.007387681566886517,1.2783392468339
2025-09-01,0.008398133162657917,0.001,0.007398133162657917,1.0,1.0442731517043709,0.0059936500933228665,1.2860011649799843
2025-09-02,-0.020899153452011987,0.0,-0.020899153452011987,0.0,1.022448726861085,-0.007351928538317232,1.2765465763148587
2025-09-03,-0.013391434176390216,0.0,-0.013391434176390216,0.0,1.0087566720365908,-0.006819579227307471,1.2678410658003314
2025-09-04,-0.024752994192877575,0.0,-0.024752994192877575,0.0,0.9837869239916426,-0.02121627954428762,1.240942195330584
2025-09-05,0.03217253193165526,0.0,0.03217253193165526,0.0,1.0154378402177087,0.02178956379866337,1.2679817844661931
2025-09-08,0.011305254750791693,0.0,0.011305254750791693,0.0,1.0269176236849635,0.0016249936944057186,1.270042246870572
2025-09-09,-0.009031885479032997,0.0,-0.009031885479032997,0.0,1.0176426213114402,-0.007009398615310913,1.261140014503971
2025-09-10,0.00045374742115167344,0.0,0.00045374742115167344,0.0,1.0181043740265143,0.0020528562585855337,1.2637289536756982
2025-09-11,0.027494662879651743,0.0,0.027494662879651743,0.0,1.0460968105666721,0.023095966247990818,1.2929159949364009
2025-09-12,0.003516079916267678,0.0,0.003516079916267678,0.0,1.0497749705527772,-0.0057248899799584585,1.2855141931120615
2025-09-15,-0.0014530448676918217,0.0,-0.0014530448676918217,0.0,1.0482496004195843,0.002445379232808076,1.2886577628233777
2025-09-16,0.007513979602830956,0.0,0.007513979602830956,0.0,1.0561261265358126,-0.0021440282229028274,1.2858948442102216
2025-09-17,0.009601177472985833,0.0,0.009601177472985833,0.0,1.06626618091054,0.0061207024813758615,1.2937654239739675
2025-09-18,-0.008285359505842638,0.0,-0.008285359505842638,0.0,1.0574317822727743,-0.011626836427765741,1.2787230250135233
2025-09-19,-0.004102011102124825,0.0,-0.004102011102124825,0.0,1.0530941853621518,0.0008472449200318533,1.2798064166005938
2025-09-22,0.0076396560334788255,0.0,0.0076396560334788255,0.0,1.0611394627091753,0.004595372641006623,1.2856876039932248
2025-09-23,-0.0061471575313267746,0.0,-0.0061471575313267746,0.0,1.0546164712691946,-0.0006257451452790219,1.2848830912166807
2025-09-24,0.01991375787978744,0.0,0.01991375787978744,0.0,1.075617848334085,0.010242317211154983,1.2980432714161714
2025-09-25,0.0024052020635991767,0.0,0.0024052020635991767,0.0,1.0782049266025422,0.006004505843207442,1.3058373798241258
2025-09-26,-0.013677778013884034,0.0,-0.013677778013884034,0.0,1.0634574789629965,-0.009456648194139272,1.2934885351243726
2025-09-29,0.015142984080318111,0.0,0.015142984080318111,0.0,1.0795613986370283,0.015385328817338007,1.3133892815587178
2025-09-30,0.008408611044600667,0.0,0.008408611044600667,0.0,1.0886390105369321,0.004467697664940262,1.3192571077850952
2025-10-09,0.01842258776142791,0.001,0.01742258776142791,1.0,1.1076059192385257,0.014822782971684711,1.338812169577646
2025-10-10,-0.01967265189674794,0.0,-0.01967265189674794,0.0,1.0858163735505686,-0.01967265189674794,1.312474183810415
2025-10-13,-0.004950362087958848,0.0,-0.004950362087958848,0.0,1.0804411893404589,-0.004950362087958848,1.3059769613694552
2025-10-14,-0.01195368981878231,0.0,-0.01195368981878231,0.0,1.0675259304956468,-0.01195368981878231,1.2903657178627688
2025-10-15,0.014810101818348187,0.0,0.014810101818348187,0.0,1.0833360982200142,0.014810101818348187,1.3094761655272222
2025-10-16,0.002634225215618402,0.0,0.002634225215618402,0.0,1.086189849486935,0.002634225215618402,1.3129256206617053
2025-10-17,-0.022559003919520593,0.0,-0.022559003919520593,0.0,1.061686488415016,-0.022559003919520593,1.2833073264391588
2025-10-20,0.005313192600739702,0.0,0.005313192600739702,0.0,1.067327433209568,0.005313192600739702,1.2901257854304704
2025-10-21,0.015347867666177573,0.0,0.015347867666177573,0.0,1.0837086334109494,0.015347867666177573,1.3099264652579807
2025-10-22,-0.0033208387732993616,0.0,-0.0033208387732993616,0.0,1.080109811762159,-0.0033208387732993616,1.3055764106619812
2025-10-23,0.0029994099164520893,0.0,0.0029994099164520893,0.0,1.0833495038424157,0.0029994099164520893,1.3094923694948066
2025-10-24,0.011796554535103088,0.0,0.011796554535103088,0.0,1.0961292953450696,0.011796554535103088,1.3249398676448534
2025-10-27,0.011872720828101535,0.0,0.011872720828101535,0.0,1.1091433324602054,0.011872720828101535,1.3406705088074224
2025-10-28,-0.0050987920108040985,0.0,-0.0050987920108040985,0.0,1.1034880412978205,-0.0050987920108040985,1.3338347087279945
2025-10-29,0.011906505003332235,0.0,0.011906505003332235,0.0,1.1166267271826502,0.011906505003332235,1.3497160183610826
2025-10-30,-0.007988267501966129,0.0,-0.007988267501966129,0.0,1.1077068141860702,-0.007988267501966129,1.3389341257547256
2025-10-31,-0.014701551685371683,0.0,-0.014701551685371683,0.0,1.0914218052050753,-0.014701551685371683,1.3192497165016346
2025-11-03,0.0027442169963463048,0.001,0.0017442169963463048,1.0,1.093325481667897,0.0027442169963463048,1.3228700239960833
2025-11-04,-0.019638265041035385,0.0,-0.019638265041035385,0.0,1.0718544660827851,-0.007457768003330201,1.3130043662585607
2025-11-05,0.010255289414152102,0.0,0.010255289414152102,0.0,1.0828466438423157,0.0018529027329989844,1.3154372356372408
2025-11-06,0.018442432027227174,0.0,0.018442432027227174,0.0,1.1028169694672887,0.014294861945208792,1.3342412293182622
2025-11-07,-0.005091446320563131,0.0,-0.005091446320563131,0.0,1.0972020360658399,-0.0031126668645331534,1.3300881808544693
2025-11-10,-0.009157454352993533,0.0,-0.009157454352993533,0.0,1.0871544585045554,0.003474613329845333,1.334709722977536
2025-11-11,-0.014002334823505769,0.0,-0.014002334823505769,0.0,1.0719317577717076,-0.009134086083410042,1.3225183694714948
2025-11-12,-0.003920791649597466,0.0,-0.003920791649597466,0.0,1.0677289366868978,-0.001345179858156409,1.32073934439884
2025-11-13,0.025536934818308765,0.0,0.025536934818308765,0.0,1.0949954609466932,0.012089348303926606,1.3367062223519772
2025-11-14,-0.028186737644428583,0.0,-0.028186737644428583,0.0,1.0641311111671485,-0.015723699797153157,1.315688254994728
2025-11-17,-0.0020260279022351613,0.0,-0.0020260279022351613,0.0,1.0619751518442875,-0.006500883724347206,1.3071351186315179
2025-11-18,-0.011588292295221847,0.0,-0.011588292295221847,0.0,1.0496686733744534,-0.006494053026356972,1.2986465138585115
2025-11-19,0.0024846711818218292,0.0,0.0024846711818218292,0.0,1.052276754877648,0.004399770324940322,1.3043602602527733
2025-11-20,-0.011214084557395587,0.0,-0.011214084557395587,0.0,1.040476434370668,-0.005087731992645672,1.2977240248267496
2025-11-21,-0.04018714535944523,0.0,-0.04018714535944523,0.0,0.9986626566595368,-0.02439020115891799,1.2660722748124644
2025-11-24,0.0030701234693046864,0.0,0.0030701234693046864,0.0,1.0017286743196654,-0.0012484259952829646,1.2644916772726815
2025-11-25,0.017716025336603103,0.0,0.017716025336603103,0.0,1.0194753248943145,0.009522604072617957,1.2765329308684699
2025-11-26,0.02138960473462337,0.0,0.02138960473462337,0.0,1.0412814991305055,0.006062036720518638,1.2842713203703457
2025-11-27,-0.004400769206767907,0.0,-0.004400769206767907,0.0,1.0366990595735548,-0.0004920726062759284,1.2836393656345657
2025-11-28,0.00702372846465682,0.0,0.00702372846465682,0.0,1.0439805522675645,0.0024934651458574653,1.2868400756526261
2025-12-01,0.013074811626990313,0.0,0.013074811626990313,0.0,1.0576304013307043,0.01100678601583227,1.3010040490019321
2025-12-02,-0.00690380174738936,0.0,-0.00690380174738936,0.0,1.0503287307179052,-0.00484017650223334,1.2947069597746426
2025-12-03,-0.01118897194502766,0.0,-0.01118897194502766,0.0,1.0385766320168461,-0.005112930866965182,1.288087212596336
2025-12-04,0.010108713620255116,0.0,0.010108713620255116,0.0,1.0490753057625934,0.0034245932895451414,1.2924983874209424
2025-12-05,0.013631040944304784,0.0,0.013631040944304784,0.0,1.0633752942091024,0.008351577872178773,1.3032927883531538
2025-12-08,0.026041899503328247,0.0,0.026041899503328247,0.0,1.0910676067552179,0.008118158932952202,1.313873126345175
2025-12-09,0.006060304005712558,0.0,0.006060304005712558,0.0,1.0976798081429398,-0.005091572357253882,1.3071834462541372
2025-12-10,-0.0001866274427086978,0.0,-0.0001866274427086978,0.0,1.097474950967433,-0.0013909721211867732,1.3053651905231207
2025-12-11,-0.014125566686735147,0.0,-0.014125566686735147,0.0,1.0819724953605212,-0.00863316496897637,1.2940957574885754
2025-12-12,0.009698847068677852,0.0,0.009698847068677852,0.0,1.0924663811255386,0.006318943540299715,1.3022730755158871
2025-12-15,-0.017705586629430226,0.0,-0.017705586629430226,0.0,1.0731236229747803,-0.00630655213438247,1.2940602224719435
2025-12-16,-0.021046267752480086,0.0,-0.021046267752480086,0.0,1.0505383758741416,-0.011973699819422423,1.2785655338198094
2025-12-17,0.033904319410162476,0.0,0.033904319410162476,0.0,1.0861561645224118,0.0183032781144421,1.3019674743728535
2025-12-18,-0.02167663546928933,0.0,-0.02167663546928933,0.0,1.062611953281338,-0.005913261824831539,1.2942685998094723
2025-12-19,0.004883386733138817,0.0,0.004883386733138817,0.0,1.067801098396467,0.003379244345174559,1.2986422496565155
2025-12-22,0.02233878391077182,0.0,0.02233878391077182,0.0,1.0916544763932305,0.009510575113316433,1.3109930843172
2025-12-23,0.004080846244578273,0.0,0.004080846244578273,0.0,1.0961093504635968,0.0019754429242280214,1.3135828763293262
2025-12-24,0.007664872289049995,0.0,0.007664872289049995,0.0,1.104510888649734,0.002883740981411087,1.317370909102277
2025-12-25,0.0030239254242891977,0.0,0.0030239254242891977,0.0,1.107850847207326,0.0018292818455698523,1.3197807517901796
2025-12-26,0.0013993578327458067,0.0,0.0013993578327458067,0.0,1.1094011269678796,0.0031672344597866164,1.3239608068666127
2025-12-29,-0.0065554293690635035,0.0,-0.0065554293690635035,0.0,1.1021285262380822,-0.003836607089177213,1.3188812894491955
2025-12-30,0.006297378119791697,0.0,0.006297378119791697,0.0,1.1090690463044122,0.002567157796356856,1.3222670658338742
2025-12-31,-0.012252286144675884,0.0,-0.012252286144675884,0.0,1.0954804149948878,-0.004588412398990327,1.3161999592342255
2026-01-05,0.02852765945756275,0.001,0.027527659457562748,1.0,1.1256364268012966,0.01896482459815907,1.3411614605972066
2026-01-06,0.0190393019299,0.0,0.0190393019299,0.0,1.1470677585944602,0.01546246872977064,1.3618991277432644
2026-01-07,-0.004319095797943651,0.0,-0.004319095797943651,0.0,1.1421134630583583,-0.0029281770031649446,1.3579112460367762
2026-01-08,-0.007331039833138209,0.0,-0.007331039833138209,0.0,1.133740583766714,-0.008167202814682861,1.346820909486055
2026-01-09,0.003927531250970784,0.0,0.003927531250970784,0.0,1.1381933853399517,0.004489141672228358,1.3528669793558574
2026-01-12,0.003002879407847159,0.0,0.003002879407847159,0.0,1.1416112428189369,0.006512819499878475,1.361677957799748
2026-01-13,-0.0034366742510585357,0.0,-0.0034366742510585357,0.0,1.137687896856022,-0.006030168378735712,1.3534668104366026
2026-01-14,-0.0066576591328317836,0.0,-0.0066576591328317836,0.0,1.1301135586392064,-0.004011945309336462,1.3480367756151288
2026-01-15,-0.002088638609287985,0.0,-0.002088638609287985,0.0,1.1277531598277526,0.0020029814858124606,1.3507368683188803
2026-01-16,-0.008311504310795859,0.0,-0.008311504310795859,0.0,1.1183798345783307,-0.0041158144213037096,1.3451774860368668
2026-01-19,-0.0012426280853428118,0.0,-0.0012426280853428118,0.0,1.1169901043858026,0.0005458726385938473,1.3459117816205468
2026-01-20,-0.0017198017123892795,0.0,-0.0017198017123892795,0.0,1.115069102891558,-0.0032903463460216553,1.3414832657078242
2026-01-21,-0.0011303810338280096,0.0,-0.0011303810338280096,0.0,1.1138086499262418,0.0008881348490044072,1.3426746837454555
2026-01-22,-0.004579784329228009,0.0,-0.004579784329228009,0.0,1.108707646525551,0.00013550511330651105,1.3428566230306103
2026-01-23,-0.006856902167220014,0.0,-0.006856902167220014,0.0,1.1011053466612766,-0.004490539108145675,1.3368264728482588
2026-01-26,0.005736442238340356,0.0,0.005736442238340356,0.0,1.1074217738807268,0.0009499208611933874,1.338096352202613
2026-01-27,0.000920124593920546,0.0,0.000920124593920546,0.0,1.1084407398907177,-0.0002702378858219223,1.3377347478733677
2026-01-28,0.0026746228287117813,0.0,0.0026746228287117813,0.0,1.1114054007979035,0.0026136432218684114,1.3412311092298048
2026-01-29,0.01645354097309748,0.0,0.01645354097309748,0.0,1.1296919550976536,0.007604719890309308,1.3514307961236662
2026-01-30,-0.014278118906533632,0.0,-0.014278118906533632,0.0,1.113562079035015,-0.00999816991209257,1.3379189613995872
2026-02-02,-0.020661693346412324,0.001,-0.021661693346412325,1.0,1.089440438756765,-0.021324426199552216,1.3093886072462402
2026-02-03,0.018620996651155464,0.0,0.018620996651155464,0.0,1.1097269055184882,0.011751462229536491,1.3247758380080799
2026-02-04,-0.00402328857598977,0.0,-0.00402328857598977,0.0,1.105262153937047,0.008277921515535969,1.3357422284207892
2026-02-05,-0.015472374426810709,0.0,-0.015472374426810709,0.0,1.0881611240515499,-0.006015302585852256,1.3277073347401376
2026-02-06,-0.007304285094706597,0.0,-0.007304285094706597,0.0,1.080212884972501,-0.005743167797150561,1.3200820887312175
2026-02-09,0.02975654912274628,0.0,0.02975654912274628,0.0,1.1123562927472088,0.016250337023289818,1.341533867571508
2026-02-10,-0.003670520317933801,0.0,-0.003670520317933801,0.0,1.1082733663738986,0.0011103915698396083,1.3430234954687137
2026-02-11,-0.010781990985192946,0.0,-0.010781990985192946,0.0,1.096323972928526,-0.002217684920673868,1.340045092514702
2026-02-12,0.013190714014981397,0.0,0.013190714014981397,0.0,1.1107852689231943,0.001221727011580187,1.3416822618009627
2026-02-13,-0.0156562541033628,0.0,-0.0156562541033628,0.0,1.0933945324986605,-0.012537561620975524,1.3248608377678635
2026-02-24,0.009861848045670918,0.0,0.009861848045670918,0.0,1.1041774232321298,0.010114569417342567,1.338261234679785
2026-02-25,0.014072028691776595,0.0,0.014072028691776595,0.0,1.1197154396126643,0.006020549144097442,1.3463183022108152
2026-02-26,-0.0029321999189821923,0.0,-0.0029321999189821923,0.0,1.1164322100913489,-0.0019029174266442794,1.343756369651728
2026-02-27,-0.010366871929355703,0.0,-0.010366871929355703,0.0,1.1048583003515242,-0.0034329241693347168,1.339143355932653
2026-03-02,-0.0048768920084402145,0.001,-0.0058768920084402146,1.0,1.0983651674357295,0.0038258014238807814,1.3442666524905607
2026-03-03,-0.015389742864218237,0.0,-0.015389742864218237,0.0,1.0814616099378795,-0.015389742864218237,1.3235787343677876
2026-03-04,-0.011441621548247571,0.0,-0.011441621548247571,0.0,1.0690879354780118,-0.011441621548247571,1.3084348473998428
2026-03-05,0.009791586323022239,0.0,0.009791586323022239,0.0,1.0795560022851465,0.009791586323022239,1.3212465001562088
2026-03-06,0.0027426516214930086,0.0,0.0027426516214930086,0.0,1.0825168483053063,0.0027426516214930086,1.324870219012254
2026-03-09,-0.009652309578561225,0.0,-0.009652309578561225,0.0,1.072068060561455,-0.009652309578561225,1.3120821615069316
2026-03-10,0.012848354062600542,0.0,0.012848354062600542,0.0,1.085842370582754,0.012848354062600542,1.328940257677195
2026-03-11,0.00636182936606744,0.0,0.00636182936606744,0.0,1.0927503144628476,0.00636182936606744,1.337394748834235
2026-03-12,-0.0035999605483775232,0.0,-0.0035999605483775232,0.0,1.0888164564415543,-0.0035999605483775232,1.3325801805008246
2026-03-13,-0.003929549701763846,0.0,-0.003929549701763846,0.0,1.0845378980598688,-0.003929549701763846,1.3273437404499613
2026-03-16,0.0005180825591006855,0.0,0.0005180825591006855,0.0,1.0850997782295373,0.0005180825591006855,1.32803141409182
2026-03-17,-0.007303771610291054,0.0,-0.007303771610291054,0.0,1.0771744572749713,-0.007303771610291054,1.3183317759520015
2026-03-18,0.004505288371448035,0.0,0.004505288371448035,0.0,1.082027438831353,0.004505288371448035,1.3242712407719084
2026-03-19,-0.016117571697337185,0.0,-0.016117571697337185,0.0,1.0645877840075026,-0.016117571697337185,1.3029272041020454
2026-03-20,-0.003541809078315805,0.0,-0.003541809078315805,0.0,1.0608172173294408,-0.003541809078315805,1.298312484702172
2026-03-23,-0.03262982541343162,0.0,-0.03262982541343162,0.0,1.0262029367324188,-0.03262982541343162,1.2559487749942615
2026-03-24,0.012839528863419103,0.0,0.012839528863419103,0.0,1.0393788989583201,0.012839528863419103,1.2720745655417762
2026-03-25,0.014021876666304722,0.0,0.014021876666304722,0.0,1.0539529416890734,0.014021876666304722,1.2899114382101462
2026-03-26,-0.01320825324090602,0.0,-0.01320825324090602,0.0,1.0400320643312462,-0.01320825324090602,1.2728739612759252
2026-03-27,0.005591470662199338,0.0,0.005591470662199338,0.0,1.045847373106701,0.005591470662199338,1.2799911986870771
2026-03-30,-0.002358652947094586,0.0,-0.002358652947094586,0.0,1.0433805821179118,-0.002358652947094586,1.2769721436740387
2026-03-31,-0.00932802012489009,0.0,-0.00932802012489009,0.0,1.0336479070499964,-0.00932802012489009,1.2650605218189233
2026-04-01,0.017082508529681295,0.001,0.016082508529681294,1.0,1.0502715583318154,0.017082508529681295,1.2866709289734581
2026-04-02,-0.018683520144018972,0.0,-0.018683520144018972,0.0,1.0306487885150328,-0.010418095887665846,1.2732662678595406
2026-04-03,-0.009250794150863051,0.0,-0.009250794150863051,0.0,1.021114468730644,-0.008512108069054225,1.2624280877868388
2026-04-07,0.004800703071478507,0.0,0.004800703071478507,0.0,1.0260165360970104,-3.8957041192388964e-05,1.2623789073238205
2026-04-08,0.04940384574998302,0.0,0.04940384574998302,0.0,1.076705698783279,0.03489155558598167,1.3064252711392803
2026-04-09,-0.005855142122499157,0.0,-0.005855142122499157,0.0,1.070401433892798,-0.006382687970726386,1.2980867662765267
2026-04-10,0.008954967270918823,0.0,0.008954967270918823,0.0,1.0799868437000526,0.015404850922775548,1.3180835993958444
2026-04-13,-0.0002093014939081872,0.0,-0.0002093014939081872,0.0,1.079760800840265,0.0020681254186827314,1.3208095615917037
2026-04-14,0.015170255595813975,0.0,0.015170255595813975,0.0,1.0961410481713527,0.011865510298300297,1.3364816410468636
2026-04-15,-0.005500602146065625,0.0,-0.005500602146065625,0.0,1.0901116123693908,-0.003411408457774434,1.331922356272936
2026-04-16,0.01690747117413216,0.0,0.01690747117413216,0.0,1.108542643032113,0.010962498020381517,1.34652355246688
2026-04-17,0.00417012934589156,0.0,0.00417012934589156,0.0,1.1131654092389935,-0.001675460582763133,1.3442675053309594
2026-04-20,0.009231337852502852,0.0,0.009231337852502852,0.0,1.1234414152173984,0.006084160626915969,1.3524462447589365
2026-04-21,-0.0023757476156277546,0.0,-0.0023757476156277546,0.0,1.1207724019538983,0.0022186292549652986,1.3554468215633266
2026-04-22,0.012799252073104395,0.0,0.012799252073104395,0.0,1.135117450443085,0.006633812898791724,1.3644386021718398
2026-04-23,-0.009667174097598874,0.0,-0.009667174097598874,0.0,1.124144072428429,-0.0027710486669069168,1.3606576764022151
2026-04-24,-0.005705825062593428,0.0,-0.005705825062593428,0.0,1.117729903006001,-0.003543009075644088,1.3558368539058774
2026-04-27,0.006204385225966114,0.0,0.006204385225966114,0.0,1.124664729902832,0.0003308613780985681,1.3562854479558375
2026-04-28,-0.011457698345919143,0.0,-0.011457698345919143,0.0,1.1117786606873108,-0.0026701197896351614,1.3526640033408563
2026-04-29,0.01687733522867818,0.0,0.01687733522867818,0.0,1.1305425218438214,0.01095769667908586,1.3674860851981834
2026-04-30,0.00084939361734504,0.0,0.00084939361734504,0.0,1.1315027974460128,-0.0006319710407586276,1.3666218735936977
2026-05-06,0.02861629691234513,0.001,0.02761629691234513,1.0,1.162750714657431,0.014516651422511684,1.3864606469590373
2026-05-07,0.00480142576735787,0.0,0.00480142576735787,0.0,1.168333575899801,0.00480142576735787,1.393117634834774
2026-05-08,-0.005835719139436479,0.0,-0.005835719139436479,0.0,1.1615155092896763,-0.005835719139436479,1.3849877915896822
2026-05-11,0.016405263477665466,0.0,0.016405263477665466,0.0,1.1805704772529682,0.016405263477665466,1.407708881224061
2026-05-12,-0.000765372527407715,0.0,-0.000765372527407715,0.0,1.17966690104301,-0.000765372527407715,1.4066314595197842
2026-05-13,0.010164616463829157,0.0,0.010164616463829157,0.0,1.1916577626471863,0.010164616463829157,1.420929328811759
2026-05-14,-0.01675455581070684,0.0,-0.01675455581070684,0.0,1.171692066155652,-0.01675455581070684,1.3971222890691122
2026-05-15,-0.011191965485674582,0.0,-0.011191965485674582,0.0,1.1585785289913992,-0.011191965485674582,1.381485744630584
2026-05-18,-0.005364441013887222,0.0,-0.005364441013887222,0.0,1.1523634028126686,-0.005364441013887222,1.3740748458419871
2026-05-19,0.0040051523484727625,0.0,0.0040051523484727625,0.0,1.1569787938017377,0.0040051523484727625,1.3795782249377886
2026-05-20,-0.0004498356956060823,0.0,-0.0004498356956060823,0.0,1.1564583434412266,-0.0004498356956060823,1.3789576414073308
2026-05-21,-0.01393654524089305,0.0,-0.01393654524089305,0.0,1.1403413094186496,-0.01393654524089305,1.3597397358525825
2026-05-22,0.012961892062424818,0.0,0.012961892062424818,0.0,1.1551222903856584,0.012961892062424818,1.3773645355416937
2026-05-25,0.015789367228224105,0.0,0.015789367228224105,0.0,1.1733609404220648,0.015789367228224105,1.3991122500004938
2026-05-26,0.005334040962720055,0.0,0.005334040962720055,0.0,1.179619695742332,0.005334040962720055,1.4065751720534398
2026-05-27,-0.008019242301048335,0.0,-0.008019242301048335,0.0,1.1701600395790852,-0.008019242301048335,1.3952955049341045
2026-05-28,0.0012310084550841704,0.0,0.0012310084550841704,0.0,1.1716005164816088,0.0012310084550841704,1.3970131254980194
2026-05-29,-0.004495531634465144,0.0,-0.004495531634465144,0.0,1.16633354929681,-0.004495531634465144,1.39073280879858
2026-06-01,-0.009784099780034028,0.0,-0.009784099780034028,0.0,1.154922025473689,-0.009784099780034028,1.3771257402299277
2026-06-02,0.014512651684799538,0.0,0.014512651684799538,0.0,1.1716830065524917,0.014512651684799538,1.3971114864240564
2026-06-03,0.004934318623502021,0.0,0.004934318623502021,0.0,1.1774644638325644,0.004934318623502021,1.4040052796506273
2026-06-04,-0.006897209428427087,0.0,-0.006897209428427087,0.0,1.1693432448309806,-0.006897209428427087,1.3943215611982596
2026-06-05,-0.01790612967646632,0.0,-0.01790612967646632,0.0,1.1484048330527372,-0.01790612967646632,1.3693546585127505
2026-06-08,-0.02144191724172284,0.0,-0.02144191724172284,0.0,1.1237808316624258,-0.02144191724172284,1.3399930692503526
2026-06-09,0.018706365956132176,0.0,0.018706365956132176,0.0,1.1448026871539898,0.018706365956132176,1.3650594699824303
2026-06-10,-0.011082901846824034,0.0,-0.011082901846824034,0.0,1.1321149513382818,-0.011082901846824034,1.3499306498615373
2026-06-11,-0.005513422607496543,0.0,-0.005513422607496543,0.0,1.1258731231712884,-0.005513422607496543,1.3424879116980382
2026-06-12,0.011627320953783604,0.0,0.011627320953783604,0.0,1.1389640113276398,0.011627320953783604,1.358097449523926
2026-06-15,0.02394480086224049,0.0,0.02394480086224049,0.0,1.1662362777681388,0.02394480086224049,1.3906168225042932
2026-06-16,-0.0015293211192071166,0.0,-0.0015293211192071166,0.0,1.1644527279985624,-0.0015293211192071166,1.3884901228289126
2026-06-17,0.009654332554227762,0.0,0.009654332554227762,0.0,1.1756947418783381,0.009654332554227762,1.4018950682229634
2026-06-18,0.0020710201959448504,0.0,0.0020710201959448504,0.0,1.1781296294330343,0.0020710201959448504,1.4047984212218487
2026-06-22,0.023890849905061184,0.0,0.023890849905061184,0.0,1.2062761475785244,0.023890849905061184,1.4383602494501269
2026-06-23,-0.02772361293984693,0.0,-0.02772361293984693,0.0,1.1728338145644877,-0.02772361293984693,1.3984837066263098
2026-06-24,0.004804258092371727,0.0,0.004804258092371727,0.0,1.1784684109091164,0.004804258092371727,1.4052023832909193
2026-06-25,0.01559451509401133,0.0,0.01559451509401133,0.0,1.1968460543308541,0.01559451509401133,1.4271158330672902
2026-06-26,-0.030254950893447763,0.0,-0.030254950893447763,0.0,1.1606355357300575,-0.030254950893447763,1.3839385136185776
2026-06-29,0.012057792774814668,0.0,0.012057792774814668,0.0,1.1746302385069765,0.012057792774814668,1.4006257574288754
2026-06-30,0.010658177795016321,0.0,0.010658177795016321,0.0,1.1871496564323862,0.010658177795016321,1.4155538757758317
2026-07-01,-0.00410809825134717,0.001,-0.00510809825134717,1.0,1.1810855793482766,-0.00410809825134717,1.4097386413740693
2026-07-02,-0.03707603102160595,0.0,-0.03707603102160595,0.0,1.1372956137691885,-0.029578882902663084,1.3680401471775063
2026-07-03,0.00587577247113491,0.0,0.00587577247113491,0.0,1.143978104028116,0.006208678767889442,1.3765338689929076
2026-07-06,-0.01076320077811288,0.0,-0.01076320077811288,0.0,1.1316652380086965,-3.6347310113260534e-05,1.37648383568949
2026-07-07,-0.01645391228479398,0.0,-0.01645391228479398,0.0,1.113044917446751,-0.010271792759930842,1.3623448789918928
2026-07-08,-0.013958508079116805,0.0,-0.013958508079116805,0.0,1.0975084709741505,-0.007664021708329027,1.351903838265068
2026-07-09,0.03131911858602465,0.0,0.03131911858602465,0.0,1.1318814689257566,0.02539756839084739,1.3862389084552542
2026-07-10,-0.01719862051382992,0.0,-0.01719862051382992,0.0,1.112414669075066,-0.0195898007367451,1.3590827644650927
2026-07-13,-0.04301837341637216,0.0,-0.04301837341637216,0.0,1.0645603994469448,-0.017864004399275824,1.3348041039817082
2026-07-14,0.016931993339021734,0.0,0.016931993339021734,0.0,1.082585529039367,0.021535836373731465,1.3635502267560435
2026-07-15,-0.015510022488082642,0.0,-0.015510022488082642,0.0,1.0657946031386936,-0.002026268309697321,1.3607873081428872
2026-07-16,-0.02355484985171663,0.0,-0.02355484985171663,0.0,1.0406899712889917,-0.018456863409099578,1.3356714426676577
2026-07-17,-0.05554545792783605,0.0,-0.05554545792783605,0.0,0.982884370272838,-0.036041583216876116,1.2875317292163464
2026-07-20,-0.013634978904711215,0.0,-0.013634978904711215,0.0,0.9694827626183975,0.015284731276336672,1.3072113057071753
2026-07-21,0.052527264737031176,0.0,0.052527264737031176,0.0,1.0204070403484424,0.030643358738983384,1.347268650695615
2026-07-22,-0.006274766495795392,0.0,-0.006274766495795392,0.0,1.0140042244395904,-0.004638940215803133,1.3410187519704124
2026-07-23,-0.0022384876946388577,0.0,-0.0022384876946388577,0.0,1.0117343884608705,0.00228056890845596,1.3440770376418125
2026-07-24,-0.026066837248571617,0.0,-0.026066837248571617,0.0,0.9853616728180778,-0.016668774674799325,1.3216729203557893
2026-07-27,0.024944173411370008,0.0,0.024944173411370008,0.0,1.0099407052577696,0.011450376753638025,1.336806573238944
2026-07-28,-0.035899421262446274,0.0,-0.035899421262446274,0.0,0.9736844184296288,-0.02826263969648002,1.2990248907156057
2026-07-29,0.010892151511271653,0.0,0.010892151511271653,0.0,0.9842899366393287,0.006726740028063949,1.3077630934454338
2026-07-30,-0.02856439251576315,0.0,-0.02856439251576315,0.0,0.9561742925398473,-0.010986765536397547,1.2933950069605948
2026-07-31,0.025228552959645434,0.0,0.025228552959645434,0.0,0.9802971863178404,0.0084570039474956,1.3043332536401318
